biol_rep;cultivation_method;damage;cell_amount;timepoint;deltaCt;gene
1;0;1;3.2;0;4.430236;CYP1A1
1;0;1;0.65;0;4.4511255;CYP1A1
1;0;1;0.13;0;4.459292375;CYP1A1
1;0;1;0.026;0;4.71610775;CYP1A1
1;0;0;3.2;0;4.887777625;CYP1A1
1;0;0;0.65;0;4.42609875;CYP1A1
1;0;0;0.13;0;4.358619;CYP1A1
1;0;0;0.026;0;4.61320775;CYP1A1
1;0;0;0.0052;0;4.2940465;CYP1A1
2;0;1;3.2;0;5.805325;CYP1A1
2;0;1;0.65;0;6.49020325;CYP1A1
2;0;1;0.13;0;6.48492475;CYP1A1
2;0;0;3.2;0;6.995468;CYP1A1
2;0;0;0.65;0;7.3346945;CYP1A1
2;0;0;0.13;0;8.444663;CYP1A1
2;0;0;0.026;0;7.695953;CYP1A1
2;0;0;0.0052;0;5.42064225;CYP1A1
1;1;1;3.25;0;10.6541875;CYP1A1
1;1;1;0.65;0;8.55720775;CYP1A1
1;1;0;3.25;0;10.59209225;CYP1A1
1;1;0;0.65;0;7.87962925;CYP1A1
1;0;1;3.2;1;10.168244;CYP1A1
1;0;1;0.65;1;10.04276825;CYP1A1
1;0;1;0.13;1;8.340978375;CYP1A1
1;0;1;0.026;1;7.73090425;CYP1A1
1;0;0;3.2;1;11.46756575;CYP1A1
1;0;0;0.65;1;10.50895125;CYP1A1
1;0;0;0.13;1;9.65858825;CYP1A1
1;0;0;0.026;1;7.94630075;CYP1A1
2;0;1;3.2;1;6.25448425;CYP1A1
2;0;1;0.65;1;6.10001425;CYP1A1
2;0;1;0.13;1;5.8603595;CYP1A1
2;0;1;0.026;1;5.640076125;CYP1A1
2;0;0;3.2;1;5.97494775;CYP1A1
2;0;0;0.65;1;6.79888225;CYP1A1
2;0;0;0.13;1;7.5276065;CYP1A1
2;0;0;0.026;1;6.66623;CYP1A1
2;0;0;0.0052;1;5.167876;CYP1A1
3;0;1;3.2;0;5.7744475;CYP1A1
3;0;1;0.65;0;4.839344625;CYP1A1
3;0;1;0.13;0;4.176695625;CYP1A1
3;0;1;0.026;0;3.742109;CYP1A1
3;0;0;3.2;0;5.6350615;CYP1A1
3;0;0;0.65;0;5.24819325;CYP1A1
3;0;0;0.13;0;4.75089475;CYP1A1
3;0;0;0.026;0;4.65293525;CYP1A1
3;0;0;0.0052;0;4.07392375;CYP1A1
1;1;1;3.25;1;10.152222;CYP1A1
1;1;1;0.65;1;9.618642125;CYP1A1
1;1;1;0.13;1;6.89775125;CYP1A1
1;1;0;3.25;1;10.39571625;CYP1A1
1;1;0;0.65;1;10.07997375;CYP1A1
1;1;0;0.13;1;7.23490225;CYP1A1
3;0;1;3.2;1;8.71686575;CYP1A1
3;0;1;0.65;1;10.4760785;CYP1A1
3;0;1;0.13;1;7.73642225;CYP1A1
3;0;1;0.026;1;8.76793875;CYP1A1
3;0;1;0.0052;1;9.40787225;CYP1A1
3;0;0;3.2;1;10.4126775;CYP1A1
3;0;0;0.65;1;10.79000125;CYP1A1
3;0;0;0.13;1;11.11251775;CYP1A1
3;0;0;0.026;1;9.8908885;CYP1A1
3;0;0;0.0052;1;8.466695625;CYP1A1
4;0;1;3.2;0;10.95296325;CYP1A1
4;0;1;0.65;0;9.620306;CYP1A1
4;0;1;0.13;0;9.62527325;CYP1A1
4;0;1;0.026;0;8.43509725;CYP1A1
4;0;1;0.0052;0;7.650556625;CYP1A1
4;0;0;3.2;0;11.85303825;CYP1A1
4;0;0;0.65;0;10.39697275;CYP1A1
4;0;0;0.13;0;9.902542;CYP1A1
4;0;0;0.026;0;8.522139;CYP1A1
4;0;0;0.0052;0;7.090269;CYP1A1
2;1;1;3.25;0;10.091402;CYP1A1
2;1;1;1.3;0;9.419884;CYP1A1
2;1;1;0.65;0;9.172017875;CYP1A1
2;1;1;0.325;0;7.403834;CYP1A1
2;1;0;3.25;0;10.37370375;CYP1A1
2;1;0;1.3;0;9.73179625;CYP1A1
2;1;0;0.65;0;9.26286225;CYP1A1
2;1;0;0.325;0;7.7275535;CYP1A1
4;0;1;3.2;1;8.34841825;CYP1A1
4;0;1;0.65;1;10.16556675;CYP1A1
4;0;1;0.13;1;9.495137875;CYP1A1
4;0;1;0.026;1;8.3315445;CYP1A1
4;0;0;3.2;1;8.62934325;CYP1A1
4;0;0;0.65;1;10.30475075;CYP1A1
4;0;0;0.13;1;10.37357475;CYP1A1
4;0;0;0.026;1;8.183841;CYP1A1
4;0;0;0.0052;1;7.41558525;CYP1A1
2;1;1;3.25;1;6.9528555;CYP1A1
2;1;1;1.3;1;7.295304;CYP1A1
2;1;1;0.65;1;7.947671875;CYP1A1
2;1;1;0.325;1;7.008575;CYP1A1
2;1;1;0.13;1;5.1304025;CYP1A1
2;1;0;3.25;1;7.3055755;CYP1A1
2;1;0;1.3;1;7.10887975;CYP1A1
2;1;0;0.65;1;8.63514025;CYP1A1
2;1;0;0.325;1;7.9039065;CYP1A1
2;1;0;0.13;1;4.97642425;CYP1A1
3;1;1;3.25;0;9.93093375;CYP1A1
3;1;1;1.3;0;9.27573775;CYP1A1
3;1;1;0.65;0;8.74059325;CYP1A1
3;1;1;0.325;0;7.66975625;CYP1A1
3;1;1;0.13;0;6.677786;CYP1A1
3;1;0;3.25;0;10.15205675;CYP1A1
3;1;0;1.3;0;8.695051;CYP1A1
3;1;0;0.65;0;8.966322375;CYP1A1
3;1;0;0.325;0;7.135224;CYP1A1
3;1;0;0.13;0;6.58591175;CYP1A1
5;0;1;3.2;0;9.60486075;CYP1A1
5;0;1;0.65;0;10.0183705;CYP1A1
5;0;1;0.13;0;9.7161425;CYP1A1
5;0;1;0.026;0;7.8959815;CYP1A1
5;0;1;0.0052;0;6.8845705;CYP1A1
5;0;0;3.2;0;10.0605;CYP1A1
5;0;0;0.65;0;9.845336;CYP1A1
5;0;0;0.13;0;9.61881325;CYP1A1
5;0;0;0.026;0;7.3115985;CYP1A1
5;0;0;0.0052;0;6.76785625;CYP1A1
3;1;1;3.25;1;8.250771125;CYP1A1
3;1;1;1.3;1;10.00806075;CYP1A1
3;1;1;0.65;1;9.16381175;CYP1A1
3;1;1;0.325;1;8.822193;CYP1A1
3;1;1;0.13;1;6.8910135;CYP1A1
3;1;0;3.25;1;8.8540655;CYP1A1
3;1;0;1.3;1;9.244536;CYP1A1
3;1;0;0.65;1;9.539952;CYP1A1
3;1;0;0.325;1;8.20643075;CYP1A1
3;1;0;0.13;1;7.1972995;CYP1A1
5;0;1;3.2;1;10.71069725;CYP1A1
5;0;1;0.65;1;9.80105975;CYP1A1
5;0;1;0.13;1;10.54310275;CYP1A1
5;0;1;0.026;1;8.2696575;CYP1A1
5;0;1;0.0052;1;5.9485385;CYP1A1
5;0;0;3.2;1;11.02643025;CYP1A1
5;0;0;0.13;1;10.82226575;CYP1A1
5;0;0;0.026;1;8.5589915;CYP1A1
5;0;0;0.0052;1;6.485904625;CYP1A1
4;1;1;3.25;0;10.0835285;CYP1A1
4;1;1;1.3;0;8.37022725;CYP1A1
4;1;1;0.65;0;7.7655735;CYP1A1
4;1;1;0.325;0;6.402506;CYP1A1
4;1;0;3.25;0;10.5603815;CYP1A1
4;1;0;1.3;0;8.2924185;CYP1A1
4;1;0;0.65;0;6.92039125;CYP1A1
4;1;0;0.325;0;5.442655;CYP1A1
4;1;1;3.25;1;9.20473425;CYP1A1
4;1;1;1.3;1;9.46493725;CYP1A1
4;1;1;0.65;1;7.838161375;CYP1A1
4;1;1;0.325;1;7.664885;CYP1A1
4;1;0;3.25;1;8.6468245;CYP1A1
4;1;0;1.3;1;9.9087595;CYP1A1
4;1;0;0.65;1;9.41802225;CYP1A1
4;1;0;0.325;1;8.35174125;CYP1A1
4;1;0;0.13;1;6.69457;CYP1A1
5;1;1;3.25;0;8.22146075;CYP1A1
5;1;1;1.3;0;8.21812025;CYP1A1
5;1;1;0.65;0;7.21111775;CYP1A1
5;1;0;3.25;0;8.6428015;CYP1A1
5;1;0;1.3;0;8.36205225;CYP1A1
5;1;0;0.65;0;8.2074365;CYP1A1
5;1;0;0.325;0;7.06251575;CYP1A1
5;1;1;3.25;1;10.8625705;CYP1A1
5;1;1;1.3;1;10.47823925;CYP1A1
5;1;1;0.65;1;8.132015625;CYP1A1
5;1;1;0.325;1;7.37906475;CYP1A1
5;1;0;3.25;1;11.73121575;CYP1A1
5;1;0;1.3;1;9.722775;CYP1A1
5;1;0;0.65;1;8.762284;CYP1A1
5;1;0;0.325;1;7.291115;CYP1A1
1;0;1;3.2;0;6.1445735;CYP1A2
1;0;1;0.65;0;6.0718845;CYP1A2
1;0;1;0.13;0;6.290911875;CYP1A2
1;0;1;0.026;0;6.10361425;CYP1A2
1;0;0;3.2;0;6.607418125;CYP1A2
1;0;0;0.65;0;5.74610775;CYP1A2
1;0;0;0.13;0;5.865104;CYP1A2
1;0;0;0.026;0;6.23172725;CYP1A2
1;0;0;0.0052;0;6.515839;CYP1A2
2;0;1;3.2;0;6.949551;CYP1A2
2;0;1;0.65;0;7.04969725;CYP1A2
2;0;1;0.13;0;7.14520575;CYP1A2
2;0;0;3.2;0;7.481081;CYP1A2
2;0;0;0.65;0;7.529233;CYP1A2
2;0;0;0.13;0;8.2784605;CYP1A2
2;0;0;0.026;0;8.049422;CYP1A2
2;0;0;0.0052;0;6.76899475;CYP1A2
1;1;1;3.25;0;10.8276025;CYP1A2
1;1;1;0.65;0;7.36343975;CYP1A2
1;1;0;3.25;0;10.35841275;CYP1A2
1;1;0;0.65;0;6.60371225;CYP1A2
1;0;1;3.2;1;8.929459;CYP1A2
1;0;1;0.65;1;8.58078625;CYP1A2
1;0;1;0.13;1;7.100928875;CYP1A2
1;0;1;0.026;1;6.97267975;CYP1A2
1;0;0;3.2;1;10.61290125;CYP1A2
1;0;0;0.65;1;8.93564375;CYP1A2
1;0;0;0.13;1;7.41427125;CYP1A2
1;0;0;0.026;1;6.56707125;CYP1A2
2;0;1;3.2;1;6.75038375;CYP1A2
2;0;1;0.65;1;6.69735425;CYP1A2
2;0;1;0.13;1;6.252698;CYP1A2
2;0;1;0.026;1;6.199443125;CYP1A2
2;0;0;3.2;1;5.70318025;CYP1A2
2;0;0;0.65;1;7.03984875;CYP1A2
2;0;0;0.13;1;7.9944375;CYP1A2
2;0;0;0.026;1;7.664979;CYP1A2
2;0;0;0.0052;1;7.086729;CYP1A2
3;0;1;3.2;0;7.6399075;CYP1A2
3;0;1;0.65;0;6.560420625;CYP1A2
3;0;1;0.13;0;5.818887625;CYP1A2
3;0;1;0.026;0;6.5549245;CYP1A2
3;0;0;3.2;0;7.1071435;CYP1A2
3;0;0;0.65;0;6.51309275;CYP1A2
3;0;0;0.13;0;6.08740525;CYP1A2
3;0;0;0.026;0;6.01265125;CYP1A2
3;0;0;0.0052;0;5.86061675;CYP1A2
1;1;1;3.25;1;8.62048;CYP1A2
1;1;1;0.65;1;8.502055125;CYP1A2
1;1;1;0.13;1;6.70818475;CYP1A2
1;1;0;3.25;1;10.01062225;CYP1A2
1;1;0;0.65;1;8.94715525;CYP1A2
1;1;0;0.13;1;7.44171725;CYP1A2
3;0;1;3.2;1;8.45496725;CYP1A2
3;0;1;0.65;1;9.568851;CYP1A2
3;0;1;0.13;1;7.53713225;CYP1A2
3;0;1;0.026;1;7.91543675;CYP1A2
3;0;1;0.0052;1;8.47181375;CYP1A2
3;0;0;3.2;1;9.8745955;CYP1A2
3;0;0;0.65;1;9.48934975;CYP1A2
3;0;0;0.13;1;9.06558725;CYP1A2
3;0;0;0.026;1;8.1740905;CYP1A2
3;0;0;0.0052;1;7.954310625;CYP1A2
4;0;1;3.2;0;11.20434975;CYP1A2
4;0;1;0.65;0;8.7721375;CYP1A2
4;0;1;0.13;0;7.90555525;CYP1A2
4;0;1;0.026;0;7.49955675;CYP1A2
4;0;1;0.0052;0;7.812828625;CYP1A2
4;0;0;3.2;0;12.32068775;CYP1A2
4;0;0;0.65;0;10.15045625;CYP1A2
4;0;0;0.13;0;8.414661;CYP1A2
4;0;0;0.026;0;7.4621345;CYP1A2
4;0;0;0.0052;0;7.117244;CYP1A2
2;1;1;3.25;0;10.3273355;CYP1A2
2;1;1;1.3;0;8.4598845;CYP1A2
2;1;1;0.65;0;7.591591375;CYP1A2
2;1;1;0.325;0;6.8384125;CYP1A2
2;1;0;3.25;0;10.98702025;CYP1A2
2;1;0;1.3;0;8.59563125;CYP1A2
2;1;0;0.65;0;7.85196675;CYP1A2
2;1;0;0.325;0;6.9773495;CYP1A2
4;0;1;3.2;1;7.19181625;CYP1A2
4;0;1;0.65;1;8.43600825;CYP1A2
4;0;1;0.13;1;7.594851875;CYP1A2
4;0;1;0.026;1;6.8963595;CYP1A2
4;0;0;3.2;1;6.80197575;CYP1A2
4;0;0;0.65;1;8.73855775;CYP1A2
4;0;0;0.13;1;8.40727225;CYP1A2
4;0;0;0.026;1;6.7688705;CYP1A2
4;0;0;0.0052;1;6.66431925;CYP1A2
2;1;1;3.25;1;7.5379695;CYP1A2
2;1;1;1.3;1;7.2027055;CYP1A2
2;1;1;0.65;1;7.738542875;CYP1A2
2;1;1;0.325;1;6.8533965;CYP1A2
2;1;1;0.13;1;6.647823;CYP1A2
2;1;0;3.25;1;7.5268765;CYP1A2
2;1;0;1.3;1;6.83067925;CYP1A2
2;1;0;0.65;1;7.88099725;CYP1A2
2;1;0;0.325;1;6.981253;CYP1A2
2;1;0;0.13;1;6.62739675;CYP1A2
3;1;1;3.25;0;9.39924875;CYP1A2
3;1;1;1.3;0;7.51427825;CYP1A2
3;1;1;0.65;0;6.69683675;CYP1A2
3;1;1;0.325;0;6.34463975;CYP1A2
3;1;1;0.13;0;7.3127585;CYP1A2
3;1;0;3.25;0;9.58452525;CYP1A2
3;1;0;1.3;0;7.02438;CYP1A2
3;1;0;0.65;0;6.657561875;CYP1A2
3;1;0;0.325;0;6.056286;CYP1A2
3;1;0;0.13;0;6.79278475;CYP1A2
5;0;1;3.2;0;8.31258875;CYP1A2
5;0;1;0.65;0;8.3013735;CYP1A2
5;0;1;0.13;0;8.3185695;CYP1A2
5;0;1;0.026;0;6.918386;CYP1A2
5;0;1;0.0052;0;6.36432;CYP1A2
5;0;0;3.2;0;7.945446;CYP1A2
5;0;0;0.65;0;7.9822105;CYP1A2
5;0;0;0.13;0;8.09011425;CYP1A2
5;0;0;0.026;0;6.304976;CYP1A2
5;0;0;0.0052;0;6.06759925;CYP1A2
3;1;1;3.25;1;6.104939125;CYP1A2
3;1;1;1.3;1;8.37186475;CYP1A2
3;1;1;0.65;1;7.28457675;CYP1A2
3;1;1;0.325;1;7.347268;CYP1A2
3;1;1;0.13;1;6.5412065;CYP1A2
3;1;0;3.25;1;6.7297955;CYP1A2
3;1;0;1.3;1;6.6603225;CYP1A2
3;1;0;0.65;1;7.2552915;CYP1A2
3;1;0;0.325;1;6.29449675;CYP1A2
3;1;0;0.13;1;6.8026245;CYP1A2
5;0;1;3.2;1;9.33047625;CYP1A2
5;0;1;0.65;1;8.98008475;CYP1A2
5;0;1;0.13;1;9.53383375;CYP1A2
5;0;1;0.026;1;7.423293;CYP1A2
5;0;1;0.0052;1;5.7566755;CYP1A2
5;0;0;3.2;1;9.78193475;CYP1A2
5;0;0;0.13;1;9.46788175;CYP1A2
5;0;0;0.026;1;7.7590555;CYP1A2
5;0;0;0.0052;1;5.579142125;CYP1A2
4;1;1;3.25;0;9.0841985;CYP1A2
4;1;1;1.3;0;6.96622725;CYP1A2
4;1;1;0.65;0;7.0914615;CYP1A2
4;1;1;0.325;0;6.2074265;CYP1A2
4;1;0;3.25;0;9.5842885;CYP1A2
4;1;0;1.3;0;6.8636235;CYP1A2
4;1;0;0.65;0;6.19796075;CYP1A2
4;1;0;0.325;0;5.007862;CYP1A2
4;1;1;3.25;1;7.27949575;CYP1A2
4;1;1;1.3;1;8.10468025;CYP1A2
4;1;1;0.65;1;6.828258375;CYP1A2
4;1;1;0.325;1;6.902475;CYP1A2
4;1;0;3.25;1;7.208898;CYP1A2
4;1;0;1.3;1;8.1190865;CYP1A2
4;1;0;0.65;1;8.04957175;CYP1A2
4;1;0;0.325;1;7.34892925;CYP1A2
4;1;0;0.13;1;6.1035915;CYP1A2
5;1;1;3.25;0;6.56378525;CYP1A2
5;1;1;1.3;0;6.68102225;CYP1A2
5;1;1;0.65;0;6.35259775;CYP1A2
5;1;0;3.25;0;6.599745;CYP1A2
5;1;0;1.3;0;6.90704575;CYP1A2
5;1;0;0.65;0;6.7584205;CYP1A2
5;1;0;0.325;0;6.59059025;CYP1A2
5;1;1;3.25;1;8.498864;CYP1A2
5;1;1;1.3;1;8.69753425;CYP1A2
5;1;1;0.65;1;6.898863625;CYP1A2
5;1;1;0.325;1;7.30105675;CYP1A2
5;1;0;3.25;1;9.80793925;CYP1A2
5;1;0;1.3;1;8.0007245;CYP1A2
5;1;0;0.65;1;7.6781315;CYP1A2
5;1;0;0.325;1;7.0544465;CYP1A2
1;0;1;3.2;0;1.9294885;CYP27A1
1;0;1;0.65;0;1.795609;CYP27A1
1;0;1;0.13;0;1.238842875;CYP27A1
1;0;1;0.026;0;21.93676625;CYP27A1
1;0;0;3.2;0;1.960312125;CYP27A1
1;0;0;0.65;0;2.12363075;CYP27A1
1;0;0;0.13;0;1.935656;CYP27A1
1;0;0;0.026;0;1.93305725;CYP27A1
1;0;0;0.0052;0;2.020759;CYP27A1
2;0;1;3.2;0;3.085813;CYP27A1
2;0;1;0.65;0;3.07531775;CYP27A1
2;0;1;0.13;0;2.20186175;CYP27A1
2;0;0;3.2;0;2.8726025;CYP27A1
2;0;0;0.65;0;2.9918385;CYP27A1
2;0;0;0.13;0;2.213383;CYP27A1
2;0;0;0.026;0;1.939863;CYP27A1
2;0;0;0.0052;0;2.51658775;CYP27A1
1;1;1;3.25;0;2.875513;CYP27A1
1;1;1;0.65;0;1.98329125;CYP27A1
1;1;0;3.25;0;2.61629425;CYP27A1
1;1;0;0.65;0;2.21551925;CYP27A1
1;0;1;3.2;1;3.141884;CYP27A1
1;0;1;0.65;1;2.48489275;CYP27A1
1;0;1;0.13;1;0.971979375;CYP27A1
1;0;1;0.026;1;2.08346725;CYP27A1
1;0;0;3.2;1;3.27917675;CYP27A1
1;0;0;0.65;1;2.60318275;CYP27A1
1;0;0;0.13;1;1.60604725;CYP27A1
1;0;0;0.026;1;1.42191625;CYP27A1
2;0;1;3.2;1;2.83166225;CYP27A1
2;0;1;0.65;1;2.78568225;CYP27A1
2;0;1;0.13;1;2.0854005;CYP27A1
2;0;1;0.026;1;2.088783125;CYP27A1
2;0;0;3.2;1;2.32573475;CYP27A1
2;0;0;0.65;1;2.60143375;CYP27A1
2;0;0;0.13;1;1.9360735;CYP27A1
2;0;0;0.026;1;2.34973;CYP27A1
2;0;0;0.0052;1;2.0782315;CYP27A1
3;0;1;3.2;0;3.008431;CYP27A1
3;0;1;0.65;0;2.216693625;CYP27A1
3;0;1;0.13;0;2.014888125;CYP27A1
3;0;1;0.026;0;2.9294085;CYP27A1
3;0;0;3.2;0;2.2009875;CYP27A1
3;0;0;0.65;0;2.29177925;CYP27A1
3;0;0;0.13;0;2.01493325;CYP27A1
3;0;0;0.026;0;2.18775125;CYP27A1
3;0;0;0.0052;0;2.21518175;CYP27A1
1;1;1;3.25;1;2.233881;CYP27A1
1;1;1;0.65;1;1.794269625;CYP27A1
1;1;1;0.13;1;1.84025675;CYP27A1
1;1;0;3.25;1;2.31034575;CYP27A1
1;1;0;0.65;1;2.11354575;CYP27A1
1;1;0;0.13;1;2.18528475;CYP27A1
3;0;1;3.2;1;3.25678325;CYP27A1
3;0;1;0.65;1;3.3789805;CYP27A1
3;0;1;0.13;1;2.23745075;CYP27A1
3;0;1;0.026;1;2.02962225;CYP27A1
3;0;1;0.0052;1;2.36793125;CYP27A1
3;0;0;3.2;1;3.1797895;CYP27A1
3;0;0;0.65;1;2.98693675;CYP27A1
3;0;0;0.13;1;2.31843225;CYP27A1
3;0;0;0.026;1;2.0860565;CYP27A1
3;0;0;0.0052;1;2.155079625;CYP27A1
4;0;1;3.2;0;2.60381075;CYP27A1
4;0;1;0.65;0;1.8707005;CYP27A1
4;0;1;0.13;0;1.18467575;CYP27A1
4;0;1;0.026;0;0.83166375;CYP27A1
4;0;1;0.0052;0;1.225166625;CYP27A1
4;0;0;3.2;0;2.80815175;CYP27A1
4;0;0;0.65;0;1.89007775;CYP27A1
4;0;0;0.13;0;1.5253095;CYP27A1
4;0;0;0.026;0;1.277978;CYP27A1
4;0;0;0.0052;0;1.332927;CYP27A1
2;1;1;3.25;0;2.7532835;CYP27A1
2;1;1;1.3;0;2.065407;CYP27A1
2;1;1;0.65;0;1.981116375;CYP27A1
2;1;1;0.325;0;1.4412515;CYP27A1
2;1;0;3.25;0;2.72674175;CYP27A1
2;1;0;1.3;0;2.24889625;CYP27A1
2;1;0;0.65;0;2.25535725;CYP27A1
2;1;0;0.325;0;1.8483515;CYP27A1
4;0;1;3.2;1;1.80574725;CYP27A1
4;0;1;0.65;1;2.16817575;CYP27A1
4;0;1;0.13;1;1.760997375;CYP27A1
4;0;1;0.026;1;1.507119;CYP27A1
4;0;0;3.2;1;1.14558075;CYP27A1
4;0;0;0.65;1;2.08142175;CYP27A1
4;0;0;0.13;1;1.77650875;CYP27A1
4;0;0;0.026;1;1.319161;CYP27A1
4;0;0;0.0052;1;1.52845575;CYP27A1
2;1;1;3.25;1;2.5225775;CYP27A1
2;1;1;1.3;1;2.6780405;CYP27A1
2;1;1;0.65;1;3.082535875;CYP27A1
2;1;1;0.325;1;2.1740615;CYP27A1
2;1;1;0.13;1;2.2412935;CYP27A1
2;1;0;3.25;1;1.280573;CYP27A1
2;1;0;1.3;1;2.17282325;CYP27A1
2;1;0;0.65;1;2.31628025;CYP27A1
2;1;0;0.325;1;2.0281455;CYP27A1
2;1;0;0.13;1;2.18528275;CYP27A1
3;1;1;3.25;0;2.28778175;CYP27A1
3;1;1;1.3;0;2.17827225;CYP27A1
3;1;1;0.65;0;2.02969075;CYP27A1
3;1;1;0.325;0;1.98711025;CYP27A1
3;1;1;0.13;0;2.122069;CYP27A1
3;1;0;3.25;0;1.74535775;CYP27A1
3;1;0;1.3;0;2.0523905;CYP27A1
3;1;0;0.65;0;1.916210875;CYP27A1
3;1;0;0.325;0;1.9428195;CYP27A1
3;1;0;0.13;0;2.05174575;CYP27A1
5;0;1;3.2;0;1.89922275;CYP27A1
5;0;1;0.65;0;2.003626;CYP27A1
5;0;1;0.13;0;2.009977;CYP27A1
5;0;1;0.026;0;1.479911;CYP27A1
5;0;1;0.0052;0;1.4908975;CYP27A1
5;0;0;3.2;0;1.391424;CYP27A1
5;0;0;0.65;0;1.802166;CYP27A1
5;0;0;0.13;0;1.97547225;CYP27A1
5;0;0;0.026;0;1.400606;CYP27A1
5;0;0;0.0052;0;1.43364575;CYP27A1
3;1;1;3.25;1;0.578993125;CYP27A1
3;1;1;1.3;1;2.05163225;CYP27A1
3;1;1;0.65;1;2.49774975;CYP27A1
3;1;1;0.325;1;2.1546395;CYP27A1
3;1;1;0.13;1;1.8244985;CYP27A1
3;1;0;3.25;1;1.229796;CYP27A1
3;1;0;1.3;1;1.7073425;CYP27A1
3;1;0;0.65;1;2.294931;CYP27A1
3;1;0;0.325;1;1.92796725;CYP27A1
3;1;0;0.13;1;1.77675;CYP27A1
5;0;1;3.2;1;2.75906425;CYP27A1
5;0;1;0.65;1;2.61498375;CYP27A1
5;0;1;0.13;1;2.97238175;CYP27A1
5;0;1;0.026;1;1.996423;CYP27A1
5;0;1;0.0052;1;2.2007435;CYP27A1
5;0;0;3.2;1;3.09429525;CYP27A1
5;0;0;0.13;1;2.72493475;CYP27A1
5;0;0;0.026;1;2.404883;CYP27A1
5;0;0;0.0052;1;2.215346625;CYP27A1
4;1;1;3.25;0;2.579343;CYP27A1
4;1;1;1.3;0;2.56404625;CYP27A1
4;1;1;0.65;0;2.6026715;CYP27A1
4;1;1;0.325;0;2.1709835;CYP27A1
4;1;0;3.25;0;2.660202;CYP27A1
4;1;0;1.3;0;2.2876925;CYP27A1
4;1;0;0.65;0;2.28118425;CYP27A1
4;1;0;0.325;0;1.893172;CYP27A1
4;1;1;3.25;1;2.79829075;CYP27A1
4;1;1;1.3;1;3.16006725;CYP27A1
4;1;1;0.65;1;2.436785875;CYP27A1
4;1;1;0.325;1;2.198402;CYP27A1
4;1;0;3.25;1;2.084694;CYP27A1
4;1;0;1.3;1;2.642387;CYP27A1
4;1;0;0.65;1;2.28968125;CYP27A1
4;1;0;0.325;1;2.33603175;CYP27A1
4;1;0;0.13;1;2.486464;CYP27A1
5;1;1;3.25;0;2.35663925;CYP27A1
5;1;1;1.3;0;2.42014975;CYP27A1
5;1;1;0.65;0;2.13654425;CYP27A1
5;1;0;3.25;0;1.8274895;CYP27A1
5;1;0;1.3;0;2.37347575;CYP27A1
5;1;0;0.65;0;1.763722;CYP27A1
5;1;0;0.325;0;1.70031575;CYP27A1
5;1;1;3.25;1;2.5239225;CYP27A1
5;1;1;1.3;1;2.50201625;CYP27A1
5;1;1;0.65;1;1.993450625;CYP27A1
5;1;1;0.325;1;1.79470075;CYP27A1
5;1;0;3.25;1;2.49763225;CYP27A1
5;1;0;1.3;1;2.105373;CYP27A1
5;1;0;0.65;1;2.156376;CYP27A1
5;1;0;0.325;1;1.670137;CYP27A1
1;0;1;3.2;0;3.4725985;CYP2B6
1;0;1;0.65;0;2.7104945;CYP2B6
1;0;1;0.13;0;2.602861875;CYP2B6
1;0;1;0.026;0;2.77968475;CYP2B6
1;0;0;3.2;0;3.360317625;CYP2B6
1;0;0;0.65;0;2.21479325;CYP2B6
1;0;0;0.13;0;2.3535775;CYP2B6
1;0;0;0.026;0;3.02425275;CYP2B6
1;0;0;0.0052;0;3.3764575;CYP2B6
2;0;1;3.2;0;4.8845265;CYP2B6
2;0;1;0.65;0;3.96545925;CYP2B6
2;0;1;0.13;0;3.31687525;CYP2B6
2;0;0;3.2;0;5.29292;CYP2B6
2;0;0;0.65;0;4.95646;CYP2B6
2;0;0;0.13;0;3.2910265;CYP2B6
2;0;0;0.026;0;3.683;CYP2B6
2;0;0;0.0052;0;4.09467725;CYP2B6
1;1;1;3.25;0;7.246916;CYP2B6
1;1;1;0.65;0;3.56801175;CYP2B6
1;1;0;3.25;0;6.80756525;CYP2B6
1;1;0;0.65;0;2.89225125;CYP2B6
1;0;1;3.2;1;5.064666;CYP2B6
1;0;1;0.65;1;3.77039675;CYP2B6
1;0;1;0.13;1;3.539267375;CYP2B6
1;0;1;0.026;1;3.16157925;CYP2B6
1;0;0;3.2;1;4.92275725;CYP2B6
1;0;0;0.65;1;3.86560675;CYP2B6
1;0;0;0.13;1;2.11119075;CYP2B6
1;0;0;0.026;1;2.99984125;CYP2B6
2;0;1;3.2;1;3.13924625;CYP2B6
2;0;1;0.65;1;3.07705125;CYP2B6
2;0;1;0.13;1;2.12657;CYP2B6
2;0;1;0.026;1;2.358588625;CYP2B6
2;0;0;3.2;1;2.87412375;CYP2B6
2;0;0;0.65;1;3.54648675;CYP2B6
2;0;0;0.13;1;2.348698;CYP2B6
2;0;0;0.026;1;3.180257;CYP2B6
2;0;0;0.0052;1;2.727049;CYP2B6
3;0;1;3.2;0;3.442471;CYP2B6
3;0;1;0.65;0;2.609143125;CYP2B6
3;0;1;0.13;0;2.549633625;CYP2B6
3;0;1;0.026;0;2.8351805;CYP2B6
3;0;0;3.2;0;5.1589845;CYP2B6
3;0;0;0.65;0;4.10270375;CYP2B6
3;0;0;0.13;0;2.65182625;CYP2B6
3;0;0;0.026;0;3.22481675;CYP2B6
3;0;0;0.0052;0;2.87050875;CYP2B6
1;1;1;3.25;1;5.804888;CYP2B6
1;1;1;0.65;1;3.305822125;CYP2B6
1;1;1;0.13;1;3.34348025;CYP2B6
1;1;0;3.25;1;6.64938675;CYP2B6
1;1;0;0.65;1;3.83222275;CYP2B6
1;1;0;0.13;1;3.56651125;CYP2B6
3;0;1;3.2;1;4.48941425;CYP2B6
3;0;1;0.65;1;4.5320105;CYP2B6
3;0;1;0.13;1;2.74666225;CYP2B6
3;0;1;0.026;1;2.25220925;CYP2B6
3;0;1;0.0052;1;2.55342925;CYP2B6
3;0;0;3.2;1;5.951538;CYP2B6
3;0;0;0.65;1;4.22046125;CYP2B6
3;0;0;0.13;1;2.74640975;CYP2B6
3;0;0;0.026;1;2.3985205;CYP2B6
3;0;0;0.0052;1;2.030239625;CYP2B6
4;0;1;3.2;0;5.60499575;CYP2B6
4;0;1;0.65;0;4.0224865;CYP2B6
4;0;1;0.13;0;2.96443075;CYP2B6
4;0;1;0.026;0;3.00037825;CYP2B6
4;0;1;0.0052;0;4.723926125;CYP2B6
4;0;0;3.2;0;6.47687775;CYP2B6
4;0;0;0.65;0;4.82923775;CYP2B6
4;0;0;0.13;0;3.1351955;CYP2B6
4;0;0;0.026;0;3.111128;CYP2B6
4;0;0;0.0052;0;3.651663;CYP2B6
2;1;1;3.25;0;7.791266;CYP2B6
2;1;1;1.3;0;5.5266;CYP2B6
2;1;1;0.65;0;3.768232375;CYP2B6
2;1;1;0.325;0;3.67188;CYP2B6
2;1;0;3.25;0;7.27184075;CYP2B6
2;1;0;1.3;0;4.60401625;CYP2B6
2;1;0;0.65;0;3.31694575;CYP2B6
2;1;0;0.325;0;3.1951795;CYP2B6
4;0;1;3.2;1;2.60271975;CYP2B6
4;0;1;0.65;1;3.15522375;CYP2B6
4;0;1;0.13;1;1.992671875;CYP2B6
4;0;1;0.026;1;2.3564255;CYP2B6
4;0;0;3.2;1;2.51775025;CYP2B6
4;0;0;0.65;1;2.99148175;CYP2B6
4;0;0;0.13;1;2.48395925;CYP2B6
4;0;0;0.026;1;2.486141;CYP2B6
4;0;0;0.0052;1;2.80747425;CYP2B6
2;1;1;3.25;1;3.9586375;CYP2B6
2;1;1;1.3;1;3.0817825;CYP2B6
2;1;1;0.65;1;2.509047375;CYP2B6
2;1;1;0.325;1;1.758791;CYP2B6
2;1;1;0.13;1;2.3893455;CYP2B6
2;1;0;3.25;1;3.6630135;CYP2B6
2;1;0;1.3;1;2.59261125;CYP2B6
2;1;0;0.65;1;2.58812525;CYP2B6
2;1;0;0.325;1;1.911145;CYP2B6
2;1;0;0.13;1;2.46516575;CYP2B6
3;1;1;3.25;0;5.43240425;CYP2B6
3;1;1;1.3;0;4.16151175;CYP2B6
3;1;1;0.65;0;3.09835575;CYP2B6
3;1;1;0.325;0;3.46327275;CYP2B6
3;1;1;0.13;0;4.632589;CYP2B6
3;1;0;3.25;0;5.07656175;CYP2B6
3;1;0;1.3;0;3.5054755;CYP2B6
3;1;0;0.65;0;3.311403875;CYP2B6
3;1;0;0.325;0;3.2773175;CYP2B6
3;1;0;0.13;0;4.28288425;CYP2B6
5;0;1;3.2;0;3.35464125;CYP2B6
5;0;1;0.65;0;3.2806385;CYP2B6
5;0;1;0.13;0;2.608057;CYP2B6
5;0;1;0.026;0;2.3600555;CYP2B6
5;0;1;0.0052;0;2.568544;CYP2B6
5;0;0;3.2;0;2.8275705;CYP2B6
5;0;0;0.65;0;2.8700315;CYP2B6
5;0;0;0.13;0;3.11732775;CYP2B6
5;0;0;0.026;0;2.1508425;CYP2B6
5;0;0;0.0052;0;1.89776575;CYP2B6
3;1;1;3.25;1;2.304963125;CYP2B6
3;1;1;1.3;1;4.13406075;CYP2B6
3;1;1;0.65;1;2.77224075;CYP2B6
3;1;1;0.325;1;3.46601;CYP2B6
3;1;1;0.13;1;3.1896215;CYP2B6
3;1;0;3.25;1;3.3238965;CYP2B6
3;1;0;1.3;1;2.3829045;CYP2B6
3;1;0;0.65;1;3.575703;CYP2B6
3;1;0;0.325;1;2.26440225;CYP2B6
3;1;0;0.13;1;3.194351;CYP2B6
5;0;1;3.2;1;4.36983425;CYP2B6
5;0;1;0.65;1;3.84391225;CYP2B6
5;0;1;0.13;1;4.49428225;CYP2B6
5;0;1;0.026;1;2.474876;CYP2B6
5;0;1;0.0052;1;1.8355815;CYP2B6
5;0;0;3.2;1;5.34260075;CYP2B6
5;0;0;0.13;1;4.61896725;CYP2B6
5;0;0;0.026;1;2.9264635;CYP2B6
5;0;0;0.0052;1;1.918267125;CYP2B6
4;1;1;3.25;0;5.3787445;CYP2B6
4;1;1;1.3;0;3.84696825;CYP2B6
4;1;1;0.65;0;3.739766;CYP2B6
4;1;1;0.325;0;3.6923615;CYP2B6
4;1;0;3.25;0;5.919712;CYP2B6
4;1;0;1.3;0;3.6929295;CYP2B6
4;1;0;0.65;0;3.47919275;CYP2B6
4;1;0;0.325;0;3.50845;CYP2B6
4;1;1;3.25;1;4.38715425;CYP2B6
4;1;1;1.3;1;4.55697675;CYP2B6
4;1;1;0.65;1;2.505792875;CYP2B6
4;1;1;0.325;1;2.226333;CYP2B6
4;1;0;3.25;1;5.014031;CYP2B6
4;1;0;1.3;1;3.7879765;CYP2B6
4;1;0;0.65;1;3.12408025;CYP2B6
4;1;0;0.325;1;2.75680675;CYP2B6
4;1;0;0.13;1;2.5324005;CYP2B6
5;1;1;3.25;0;3.44986325;CYP2B6
5;1;1;1.3;0;3.34245925;CYP2B6
5;1;1;0.65;0;3.15072125;CYP2B6
5;1;0;3.25;0;3.376792;CYP2B6
5;1;0;1.3;0;3.56032075;CYP2B6
5;1;0;0.65;0;2.8894255;CYP2B6
5;1;0;0.325;0;2.79706325;CYP2B6
5;1;1;3.25;1;3.7243955;CYP2B6
5;1;1;1.3;1;3.58095175;CYP2B6
5;1;1;0.65;1;2.173517625;CYP2B6
5;1;1;0.325;1;2.94239475;CYP2B6
5;1;0;3.25;1;3.95725575;CYP2B6
5;1;0;1.3;1;3.1161425;CYP2B6
5;1;0;0.65;1;2.6097905;CYP2B6
5;1;0;0.325;1;2.3188845;CYP2B6
1;0;1;3.2;0;2.2393135;CYP2C19
1;0;1;0.65;0;0.9253;CYP2C19
1;0;1;0.13;0;2.021634875;CYP2C19
1;0;1;0.026;0;2.53610025;CYP2C19
1;0;0;3.2;0;1.986948125;CYP2C19
1;0;0;0.65;0;2.30853775;CYP2C19
1;0;0;0.13;0;1.7614245;CYP2C19
1;0;0;0.026;0;2.90652325;CYP2C19
1;0;0;0.0052;0;3.635175;CYP2C19
2;0;1;3.2;0;4.350669;CYP2C19
2;0;1;0.65;0;4.27379025;CYP2C19
2;0;1;0.13;0;3.85862175;CYP2C19
2;0;0;3.2;0;4.9476305;CYP2C19
2;0;0;0.65;0;4.577286;CYP2C19
2;0;0;0.13;0;3.488654;CYP2C19
2;0;0;0.026;0;3.731581;CYP2C19
2;0;0;0.0052;0;5.12695275;CYP2C19
1;1;1;3.25;0;6.387828;CYP2C19
1;1;1;0.65;0;2.86730725;CYP2C19
1;1;0;3.25;0;5.61428675;CYP2C19
1;1;0;0.65;0;2.87842225;CYP2C19
1;0;1;3.2;1;2.6964655;CYP2C19
1;0;1;0.65;1;2.16552275;CYP2C19
1;0;1;0.13;1;1.096222875;CYP2C19
1;0;1;0.026;1;3.29327075;CYP2C19
1;0;0;3.2;1;3.99504925;CYP2C19
1;0;0;0.65;1;2.73928075;CYP2C19
1;0;0;0.13;1;2.17167775;CYP2C19
1;0;0;0.026;1;1.48096625;CYP2C19
2;0;1;3.2;1;1.69216575;CYP2C19
2;0;1;0.65;1;1.79751675;CYP2C19
2;0;1;0.13;1;1.244335;CYP2C19
2;0;1;0.026;1;1.599933625;CYP2C19
2;0;0;3.2;1;0.92124225;CYP2C19
2;0;0;0.65;1;1.50249625;CYP2C19
2;0;0;0.13;1;1.4618335;CYP2C19
2;0;0;0.026;1;2.2898185;CYP2C19
2;0;0;0.0052;1;3.0585865;CYP2C19
3;0;1;3.2;0;1.784259;CYP2C19
3;0;1;0.65;0;1.393625625;CYP2C19
3;0;1;0.13;0;1.769210125;CYP2C19
3;0;1;0.026;0;2.7783455;CYP2C19
3;0;0;3.2;0;2.187776;CYP2C19
3;0;0;0.65;0;1.41272725;CYP2C19
3;0;0;0.13;0;1.56081225;CYP2C19
3;0;0;0.026;0;2.19116975;CYP2C19
3;0;0;0.0052;0;2.37611675;CYP2C19
1;1;1;3.25;1;4.4112125;CYP2C19
1;1;1;0.65;1;2.108474625;CYP2C19
1;1;1;0.13;1;2.38366675;CYP2C19
1;1;0;3.25;1;4.69659825;CYP2C19
1;1;0;0.65;1;2.25868825;CYP2C19
1;1;0;0.13;1;2.71815825;CYP2C19
3;0;1;3.2;1;2.48567925;CYP2C19
3;0;1;0.65;1;2.3582635;CYP2C19
3;0;1;0.13;1;1.89131775;CYP2C19
3;0;1;0.026;1;1.56577725;CYP2C19
3;0;1;0.0052;1;2.03868375;CYP2C19
3;0;0;3.2;1;2.8322465;CYP2C19
3;0;0;0.65;1;1.86425025;CYP2C19
3;0;0;0.13;1;1.11964975;CYP2C19
3;0;0;0.026;1;1.1576745;CYP2C19
3;0;0;0.0052;1;1.891567125;CYP2C19
4;0;1;3.2;0;3.31496675;CYP2C19
4;0;1;0.65;0;2.2016975;CYP2C19
4;0;1;0.13;0;2.12014425;CYP2C19
4;0;1;0.026;0;2.46452375;CYP2C19
4;0;1;0.0052;0;3.885487125;CYP2C19
4;0;0;3.2;0;4.52939625;CYP2C19
4;0;0;0.65;0;2.48601525;CYP2C19
4;0;0;0.13;0;2.286903;CYP2C19
4;0;0;0.026;0;2.474439;CYP2C19
4;0;0;0.0052;0;3.4280755;CYP2C19
2;1;1;3.25;0;3.170734;CYP2C19
2;1;1;1.3;0;1.240182;CYP2C19
2;1;1;0.65;0;1.000298875;CYP2C19
2;1;1;0.325;0;1.5942285;CYP2C19
2;1;0;3.25;0;4.07242175;CYP2C19
2;1;0;1.3;0;1.57713075;CYP2C19
2;1;0;0.65;0;1.19573025;CYP2C19
2;1;0;0.325;0;1.635264;CYP2C19
4;0;1;3.2;1;0.67836075;CYP2C19
4;0;1;0.65;1;1.39641175;CYP2C19
4;0;1;0.13;1;1.207327375;CYP2C19
4;0;1;0.026;1;1.9893145;CYP2C19
4;0;0;3.2;1;0.76569075;CYP2C19
4;0;0;0.65;1;1.45187675;CYP2C19
4;0;0;0.13;1;1.33171725;CYP2C19
4;0;0;0.026;1;1.12483;CYP2C19
4;0;0;0.0052;1;2.20574275;CYP2C19
2;1;1;3.25;1;1.44714;CYP2C19
2;1;1;1.3;1;1.2449565;CYP2C19
2;1;1;0.65;1;0.958575375;CYP2C19
2;1;1;0.325;1;0.929365;CYP2C19
2;1;1;0.13;1;2.003227;CYP2C19
2;1;0;3.25;1;1.0215655;CYP2C19
2;1;0;1.3;1;0.84341825;CYP2C19
2;1;0;0.65;1;0.69066975;CYP2C19
2;1;0;0.325;1;0.8317785;CYP2C19
2;1;0;0.13;1;2.03085325;CYP2C19
3;1;1;3.25;0;2.80207175;CYP2C19
3;1;1;1.3;0;2.21000175;CYP2C19
3;1;1;0.65;0;1.09724525;CYP2C19
3;1;1;0.325;0;2.16917875;CYP2C19
3;1;1;0.13;0;3.656615;CYP2C19
3;1;0;3.25;0;2.72689725;CYP2C19
3;1;0;1.3;0;1.908967;CYP2C19
3;1;0;0.65;0;0.981727875;CYP2C19
3;1;0;0.325;0;1.9667335;CYP2C19
3;1;0;0.13;0;3.57153275;CYP2C19
5;0;1;3.2;0;1.87313625;CYP2C19
5;0;1;0.65;0;1.9772215;CYP2C19
5;0;1;0.13;0;1.9015375;CYP2C19
5;0;1;0.026;0;1.9999345;CYP2C19
5;0;1;0.0052;0;2.5323815;CYP2C19
5;0;0;3.2;0;1.0229565;CYP2C19
5;0;0;0.65;0;1.249686;CYP2C19
5;0;0;0.13;0;2.08334925;CYP2C19
5;0;0;0.026;0;1.7652925;CYP2C19
5;0;0;0.0052;0;2.09583725;CYP2C19
3;1;1;3.25;1;1.939816125;CYP2C19
3;1;1;1.3;1;1.77379275;CYP2C19
3;1;1;0.65;1;1.75637075;CYP2C19
3;1;1;0.325;1;2.127971;CYP2C19
3;1;1;0.13;1;3.1566955;CYP2C19
3;1;0;3.25;1;0.766944;CYP2C19
3;1;0;1.3;1;0.629967;CYP2C19
3;1;0;0.65;1;1.303848;CYP2C19
3;1;0;0.325;1;1.64382075;CYP2C19
3;1;0;0.13;1;2.939125;CYP2C19
5;0;1;3.2;1;2.36793675;CYP2C19
5;0;1;0.65;1;2.29074875;CYP2C19
5;0;1;0.13;1;2.96840875;CYP2C19
5;0;1;0.026;1;2.10935;CYP2C19
5;0;1;0.0052;1;2.389041;CYP2C19
5;0;0;3.2;1;2.80309075;CYP2C19
5;0;0;0.13;1;2.50720425;CYP2C19
5;0;0;0.026;1;2.127696;CYP2C19
5;0;0;0.0052;1;2.203589625;CYP2C19
4;1;1;3.25;0;2.710841;CYP2C19
4;1;1;1.3;0;2.12320125;CYP2C19
4;1;1;0.65;0;2.4816465;CYP2C19
4;1;1;0.325;0;3.117025;CYP2C19
4;1;0;3.25;0;3.433101;CYP2C19
4;1;0;1.3;0;1.656664;CYP2C19
4;1;0;0.65;0;2.49438025;CYP2C19
4;1;0;0.325;0;2.354416;CYP2C19
4;1;1;3.25;1;2.27777725;CYP2C19
4;1;1;1.3;1;2.56893725;CYP2C19
4;1;1;0.65;1;2.012066375;CYP2C19
4;1;1;0.325;1;1.898668;CYP2C19
4;1;0;3.25;1;2.249011;CYP2C19
4;1;0;1.3;1;2.1771005;CYP2C19
4;1;0;0.65;1;2.13959675;CYP2C19
4;1;0;0.325;1;1.91732125;CYP2C19
4;1;0;0.13;1;2.181086;CYP2C19
5;1;1;3.25;0;1.68194925;CYP2C19
5;1;1;1.3;0;2.21216975;CYP2C19
5;1;1;0.65;0;2.32275975;CYP2C19
5;1;0;3.25;0;2.8758605;CYP2C19
5;1;0;1.3;0;2.37409275;CYP2C19
5;1;0;0.65;0;2.7196405;CYP2C19
5;1;0;0.325;0;3.20932175;CYP2C19
5;1;1;3.25;1;1.9187915;CYP2C19
5;1;1;1.3;1;3.26038525;CYP2C19
5;1;1;0.65;1;3.254396625;CYP2C19
5;1;1;0.325;1;3.40361425;CYP2C19
5;1;0;3.25;1;1.99090975;CYP2C19
5;1;0;1.3;1;1.76304;CYP2C19
5;1;0;0.65;1;2.274187;CYP2C19
5;1;0;0.325;1;2.3506265;CYP2C19
1;0;1;3.2;0;2.959894;CYP2C8
1;0;1;0.65;0;2.8302945;CYP2C8
1;0;1;0.13;0;2.837316375;CYP2C8
1;0;1;0.026;0;3.44298225;CYP2C8
1;0;0;3.2;0;3.515763125;CYP2C8
1;0;0;0.65;0;2.66294775;CYP2C8
1;0;0;0.13;0;3.0549795;CYP2C8
1;0;0;0.026;0;3.37454925;CYP2C8
1;0;0;0.0052;0;4.2769655;CYP2C8
2;0;1;3.2;0;4.673865;CYP2C8
2;0;1;0.65;0;4.99451525;CYP2C8
2;0;1;0.13;0;4.15918175;CYP2C8
2;0;0;3.2;0;4.1048735;CYP2C8
2;0;0;0.65;0;4.891941;CYP2C8
2;0;0;0.13;0;3.9009975;CYP2C8
2;0;0;0.026;0;3.9118495;CYP2C8
2;0;0;0.0052;0;6.28495825;CYP2C8
1;1;1;3.25;0;4.37813;CYP2C8
1;1;1;0.65;0;2.26193575;CYP2C8
1;1;0;3.25;0;4.00394875;CYP2C8
1;1;0;0.65;0;2.16767925;CYP2C8
1;0;1;3.2;1;3.22621;CYP2C8
1;0;1;0.65;1;2.63779675;CYP2C8
1;0;1;0.13;1;2.434068875;CYP2C8
1;0;1;0.026;1;2.60166075;CYP2C8
1;0;0;3.2;1;4.19034575;CYP2C8
1;0;0;0.65;1;2.46909825;CYP2C8
1;0;0;0.13;1;1.82396275;CYP2C8
1;0;0;0.026;1;2.43602825;CYP2C8
2;0;1;3.2;1;3.13470675;CYP2C8
2;0;1;0.65;1;3.31382425;CYP2C8
2;0;1;0.13;1;2.8140515;CYP2C8
2;0;1;0.026;1;3.242217125;CYP2C8
2;0;0;3.2;1;2.73381475;CYP2C8
2;0;0;0.65;1;3.24273675;CYP2C8
2;0;0;0.13;1;2.67442;CYP2C8
2;0;0;0.026;1;2.966734;CYP2C8
2;0;0;0.0052;1;3.3274955;CYP2C8
3;0;1;3.2;0;2.992949;CYP2C8
3;0;1;0.65;0;2.891128125;CYP2C8
3;0;1;0.13;0;2.652732125;CYP2C8
3;0;1;0.026;0;4.974114;CYP2C8
3;0;0;3.2;0;3.3453365;CYP2C8
3;0;0;0.65;0;3.38056325;CYP2C8
3;0;0;0.13;0;3.03877975;CYP2C8
3;0;0;0.026;0;3.50931175;CYP2C8
3;0;0;0.0052;0;3.62917275;CYP2C8
1;1;1;3.25;1;5.668957;CYP2C8
1;1;1;0.65;1;2.094677125;CYP2C8
1;1;1;0.13;1;3.48594925;CYP2C8
1;1;0;3.25;1;4.93438625;CYP2C8
1;1;0;0.65;1;2.66062675;CYP2C8
1;1;0;0.13;1;3.26934625;CYP2C8
3;0;1;3.2;1;2.98140475;CYP2C8
3;0;1;0.65;1;3.3505415;CYP2C8
3;0;1;0.13;1;2.51592075;CYP2C8
3;0;1;0.026;1;2.53976275;CYP2C8
3;0;1;0.0052;1;4.52003475;CYP2C8
3;0;0;3.2;1;4.174906;CYP2C8
3;0;0;0.65;1;2.45610075;CYP2C8
3;0;0;0.13;1;2.50546325;CYP2C8
3;0;0;0.026;1;2.405348;CYP2C8
3;0;0;0.0052;1;2.550587625;CYP2C8
4;0;1;3.2;0;3.77516175;CYP2C8
4;0;1;0.65;0;3.3929635;CYP2C8
4;0;1;0.13;0;2.69381975;CYP2C8
4;0;1;0.026;0;2.75575325;CYP2C8
4;0;1;0.0052;0;4.345852625;CYP2C8
4;0;0;3.2;0;4.44974025;CYP2C8
4;0;0;0.65;0;2.89614575;CYP2C8
4;0;0;0.13;0;2.99712;CYP2C8
4;0;0;0.026;0;2.8927575;CYP2C8
4;0;0;0.0052;0;3.9583525;CYP2C8
2;1;1;3.25;0;4.132483;CYP2C8
2;1;1;1.3;0;2.571011;CYP2C8
2;1;1;0.65;0;2.195690875;CYP2C8
2;1;1;0.325;0;2.4384475;CYP2C8
2;1;0;3.25;0;4.78830125;CYP2C8
2;1;0;1.3;0;2.95400425;CYP2C8
2;1;0;0.65;0;2.64487325;CYP2C8
2;1;0;0.325;0;2.6435405;CYP2C8
4;0;1;3.2;1;1.98503025;CYP2C8
4;0;1;0.65;1;2.55705275;CYP2C8
4;0;1;0.13;1;2.494606875;CYP2C8
4;0;1;0.026;1;2.692029;CYP2C8
4;0;0;3.2;1;2.26594725;CYP2C8
4;0;0;0.65;1;2.66043375;CYP2C8
4;0;0;0.13;1;2.93535575;CYP2C8
4;0;0;0.026;1;2.372384;CYP2C8
4;0;0;0.0052;1;3.49914725;CYP2C8
2;1;1;3.25;1;3.522491;CYP2C8
2;1;1;1.3;1;3.050029;CYP2C8
2;1;1;0.65;1;2.860314875;CYP2C8
2;1;1;0.325;1;2.8532605;CYP2C8
2;1;1;0.13;1;3.754949;CYP2C8
2;1;0;3.25;1;2.2874745;CYP2C8
2;1;0;1.3;1;2.64294925;CYP2C8
2;1;0;0.65;1;2.50240575;CYP2C8
2;1;0;0.325;1;2.7578685;CYP2C8
2;1;0;0.13;1;3.59922775;CYP2C8
3;1;1;3.25;0;3.73159675;CYP2C8
3;1;1;1.3;0;2.94713125;CYP2C8
3;1;1;0.65;0;2.46777925;CYP2C8
3;1;1;0.325;0;3.05663575;CYP2C8
3;1;1;0.13;0;5.1133805;CYP2C8
3;1;0;3.25;0;4.49024275;CYP2C8
3;1;0;1.3;0;2.8591275;CYP2C8
3;1;0;0.65;0;2.478976375;CYP2C8
3;1;0;0.325;0;3.0568675;CYP2C8
3;1;0;0.13;0;4.46598575;CYP2C8
5;0;1;3.2;0;1.87792275;CYP2C8
5;0;1;0.65;0;2.570912;CYP2C8
5;0;1;0.13;0;2.3798995;CYP2C8
5;0;1;0.026;0;2.6882635;CYP2C8
5;0;1;0.0052;0;3.03245;CYP2C8
5;0;0;3.2;0;1.7109745;CYP2C8
5;0;0;0.65;0;2.1384555;CYP2C8
5;0;0;0.13;0;2.45410625;CYP2C8
5;0;0;0.026;0;2.220264;CYP2C8
5;0;0;0.0052;0;2.72765025;CYP2C8
3;1;1;3.25;1;1.451234125;CYP2C8
3;1;1;1.3;1;3.27628575;CYP2C8
3;1;1;0.65;1;3.15932425;CYP2C8
3;1;1;0.325;1;2.943962;CYP2C8
3;1;1;0.13;1;4.2937815;CYP2C8
3;1;0;3.25;1;2.5374195;CYP2C8
3;1;0;1.3;1;2.1015025;CYP2C8
3;1;0;0.65;1;2.6078955;CYP2C8
3;1;0;0.325;1;2.74481125;CYP2C8
3;1;0;0.13;1;3.921737;CYP2C8
5;0;1;3.2;1;2.89952675;CYP2C8
5;0;1;0.65;1;3.02874625;CYP2C8
5;0;1;0.13;1;4.31208225;CYP2C8
5;0;1;0.026;1;2.966095;CYP2C8
5;0;1;0.0052;1;3.3871745;CYP2C8
5;0;0;3.2;1;3.85033375;CYP2C8
5;0;0;0.13;1;3.66441775;CYP2C8
5;0;0;0.026;1;2.96604;CYP2C8
5;0;0;0.0052;1;3.480399125;CYP2C8
4;1;1;3.25;0;2.9084595;CYP2C8
4;1;1;1.3;0;3.00176375;CYP2C8
4;1;1;0.65;0;3.1235025;CYP2C8
4;1;1;0.325;0;3.5685575;CYP2C8
4;1;0;3.25;0;3.5031795;CYP2C8
4;1;0;1.3;0;2.6618675;CYP2C8
4;1;0;0.65;0;3.06110575;CYP2C8
4;1;0;0.325;0;3.346389;CYP2C8
4;1;1;3.25;1;3.18848375;CYP2C8
4;1;1;1.3;1;3.52278625;CYP2C8
4;1;1;0.65;1;2.766148375;CYP2C8
4;1;1;0.325;1;2.894237;CYP2C8
4;1;0;3.25;1;3.117973;CYP2C8
4;1;0;1.3;1;3.174136;CYP2C8
4;1;0;0.65;1;2.84820575;CYP2C8
4;1;0;0.325;1;2.74114725;CYP2C8
4;1;0;0.13;1;2.8418005;CYP2C8
5;1;1;3.25;0;2.73840325;CYP2C8
5;1;1;1.3;0;3.17678175;CYP2C8
5;1;1;0.65;0;3.23292425;CYP2C8
5;1;0;3.25;0;2.6685105;CYP2C8
5;1;0;1.3;0;3.18527525;CYP2C8
5;1;0;0.65;0;3.1116955;CYP2C8
5;1;0;0.325;0;3.55403975;CYP2C8
5;1;1;3.25;1;3.2154795;CYP2C8
5;1;1;1.3;1;3.34223675;CYP2C8
5;1;1;0.65;1;2.771543625;CYP2C8
5;1;1;0.325;1;4.11631225;CYP2C8
5;1;0;3.25;1;3.36662475;CYP2C8
5;1;0;1.3;1;3.164191;CYP2C8
5;1;0;0.65;1;2.959632;CYP2C8
5;1;0;0.325;1;3.944236;CYP2C8
1;0;1;3.2;0;2.340062;CYP2C9
1;0;1;0.65;0;1.4615685;CYP2C9
1;0;1;0.13;0;1.036386875;CYP2C9
1;0;1;0.026;0;1.41854775;CYP2C9
1;0;0;3.2;0;2.541122625;CYP2C9
1;0;0;0.65;0;0.94247125;CYP2C9
1;0;0;0.13;0;0.9939075;CYP2C9
1;0;0;0.026;0;1.18144125;CYP2C9
1;0;0;0.0052;0;2.1217945;CYP2C9
2;0;1;3.2;0;4.2712235;CYP2C9
2;0;1;0.65;0;3.41272125;CYP2C9
2;0;1;0.13;0;2.08966675;CYP2C9
2;0;0;3.2;0;4.3567365;CYP2C9
2;0;0;0.65;0;4.1746035;CYP2C9
2;0;0;0.13;0;1.9824965;CYP2C9
2;0;0;0.026;0;2.174271;CYP2C9
2;0;0;0.0052;0;3.28041425;CYP2C9
1;1;1;3.25;0;4.871187;CYP2C9
1;1;1;0.65;0;0.91974975;CYP2C9
1;1;0;3.25;0;4.31727475;CYP2C9
1;1;0;0.65;0;0.66936675;CYP2C9
1;0;1;3.2;1;2.111262;CYP2C9
1;0;1;0.65;1;1.48983475;CYP2C9
1;0;1;0.13;1;0.188558375;CYP2C9
1;0;1;0.026;1;0.01946325;CYP2C9
1;0;0;3.2;1;2.81888275;CYP2C9
1;0;0;0.65;1;0.95783675;CYP2C9
1;0;0;0.13;1;-0.40684725;CYP2C9
1;0;0;0.026;1;-0.17066425;CYP2C9
2;0;1;3.2;1;1.45432975;CYP2C9
2;0;1;0.65;1;1.26472275;CYP2C9
2;0;1;0.13;1;0.0727635;CYP2C9
2;0;1;0.026;1;0.104238625;CYP2C9
2;0;0;3.2;1;1.02277575;CYP2C9
2;0;0;0.65;1;1.29916075;CYP2C9
2;0;0;0.13;1;0.2676175;CYP2C9
2;0;0;0.026;1;0.631131;CYP2C9
2;0;0;0.0052;1;0.4448765;CYP2C9
3;0;1;3.2;0;2.0911425;CYP2C9
3;0;1;0.65;0;1.353848625;CYP2C9
3;0;1;0.13;0;0.906421125;CYP2C9
3;0;1;0.026;0;0.6205885;CYP2C9
3;0;0;3.2;0;3.073092;CYP2C9
3;0;0;0.65;0;1.98017875;CYP2C9
3;0;0;0.13;0;1.39301775;CYP2C9
3;0;0;0.026;0;1.44904375;CYP2C9
3;0;0;0.0052;0;1.47159025;CYP2C9
1;1;1;3.25;1;3.5750795;CYP2C9
1;1;1;0.65;1;0.112473625;CYP2C9
1;1;1;0.13;1;0.51869325;CYP2C9
1;1;0;3.25;1;4.01915025;CYP2C9
1;1;0;0.65;1;1.13289325;CYP2C9
1;1;0;0.13;1;0.64671325;CYP2C9
3;0;1;3.2;1;2.08863125;CYP2C9
3;0;1;0.65;1;1.98101;CYP2C9
3;0;1;0.13;1;0.21643475;CYP2C9
3;0;1;0.026;1;-0.13818025;CYP2C9
3;0;1;0.0052;1;0.40853675;CYP2C9
3;0;0;3.2;1;2.6693925;CYP2C9
3;0;0;0.65;1;1.10688025;CYP2C9
3;0;0;0.13;1;0.24708425;CYP2C9
3;0;0;0.026;1;0.7244925;CYP2C9
3;0;0;0.0052;1;-0.106117375;CYP2C9
4;0;1;3.2;0;3.64585675;CYP2C9
4;0;1;0.65;0;1.756839;CYP2C9
4;0;1;0.13;0;0.59730475;CYP2C9
4;0;1;0.026;0;0.09566525;CYP2C9
4;0;1;0.0052;0;2.250357625;CYP2C9
4;0;0;3.2;0;4.74711275;CYP2C9
4;0;0;0.65;0;2.35770725;CYP2C9
4;0;0;0.13;0;0.916954;CYP2C9
4;0;0;0.026;0;0.7063045;CYP2C9
4;0;0;0.0052;0;1.597885;CYP2C9
2;1;1;3.25;0;3.54969;CYP2C9
2;1;1;1.3;0;0.962279;CYP2C9
2;1;1;0.65;0;-0.078738625;CYP2C9
2;1;1;0.325;0;0.247421;CYP2C9
2;1;0;3.25;0;4.28062175;CYP2C9
2;1;0;1.3;0;1.15535075;CYP2C9
2;1;0;0.65;0;0.24237175;CYP2C9
2;1;0;0.325;0;0.2065465;CYP2C9
4;0;1;3.2;1;0.02247425;CYP2C9
4;0;1;0.65;1;0.49001875;CYP2C9
4;0;1;0.13;1;-0.380104125;CYP2C9
4;0;1;0.026;1;-0.675709;CYP2C9
4;0;0;3.2;1;-0.68569275;CYP2C9
4;0;0;0.65;1;0.42052175;CYP2C9
4;0;0;0.13;1;0.01287575;CYP2C9
4;0;0;0.026;1;-0.6986475;CYP2C9
4;0;0;0.0052;1;0.27030975;CYP2C9
2;1;1;3.25;1;1.8540055;CYP2C9
2;1;1;1.3;1;1.046353;CYP2C9
2;1;1;0.65;1;0.617725375;CYP2C9
2;1;1;0.325;1;-0.251653;CYP2C9
2;1;1;0.13;1;0.5251765;CYP2C9
2;1;0;3.25;1;1.324339;CYP2C9
2;1;0;1.3;1;0.53976875;CYP2C9
2;1;0;0.65;1;0.28647775;CYP2C9
2;1;0;0.325;1;-0.1453;CYP2C9
2;1;0;0.13;1;0.53378975;CYP2C9
3;1;1;3.25;0;3.69763125;CYP2C9
3;1;1;1.3;0;1.06024725;CYP2C9
3;1;1;0.65;0;0.57691975;CYP2C9
3;1;1;0.325;0;0.89765225;CYP2C9
3;1;1;0.13;0;2.411827;CYP2C9
3;1;0;3.25;0;2.89421775;CYP2C9
3;1;0;1.3;0;0.906859;CYP2C9
3;1;0;0.65;0;0.209118375;CYP2C9
3;1;0;0.325;0;0.9412835;CYP2C9
3;1;0;0.13;0;2.12826375;CYP2C9
5;0;1;3.2;0;1.40765375;CYP2C9
5;0;1;0.65;0;0.957441;CYP2C9
5;0;1;0.13;0;0.4030815;CYP2C9
5;0;1;0.026;0;0.0938865;CYP2C9
5;0;1;0.0052;0;0.222646;CYP2C9
5;0;0;3.2;0;0.2867765;CYP2C9
5;0;0;0.65;0;0.316084;CYP2C9
5;0;0;0.13;0;0.59580475;CYP2C9
5;0;0;0.026;0;-0.123486;CYP2C9
5;0;0;0.0052;0;-0.18972625;CYP2C9
3;1;1;3.25;1;-0.101385375;CYP2C9
3;1;1;1.3;1;1.28240475;CYP2C9
3;1;1;0.65;1;0.98628375;CYP2C9
3;1;1;0.325;1;0.771473;CYP2C9
3;1;1;0.13;1;0.9449975;CYP2C9
3;1;0;3.25;1;0.754985;CYP2C9
3;1;0;1.3;1;0.0145325;CYP2C9
3;1;0;0.65;1;0.663258;CYP2C9
3;1;0;0.325;1;0.17543625;CYP2C9
3;1;0;0.13;1;0.625012;CYP2C9
5;0;1;3.2;1;1.54782775;CYP2C9
5;0;1;0.65;1;1.38052775;CYP2C9
5;0;1;0.13;1;1.46862075;CYP2C9
5;0;1;0.026;1;-0.003711;CYP2C9
5;0;1;0.0052;1;0.023549;CYP2C9
5;0;0;3.2;1;2.17650325;CYP2C9
5;0;0;0.13;1;1.45989575;CYP2C9
5;0;0;0.026;1;0.2338015;CYP2C9
5;0;0;0.0052;1;0.390213625;CYP2C9
4;1;1;3.25;0;2.3455145;CYP2C9
4;1;1;1.3;0;1.07464375;CYP2C9
4;1;1;0.65;0;1.12678;CYP2C9
4;1;1;0.325;0;1.284415;CYP2C9
4;1;0;3.25;0;3.0390915;CYP2C9
4;1;0;1.3;0;0.8057755;CYP2C9
4;1;0;0.65;0;1.28276325;CYP2C9
4;1;0;0.325;0;1.06288;CYP2C9
4;1;1;3.25;1;1.83594925;CYP2C9
4;1;1;1.3;1;1.64762825;CYP2C9
4;1;1;0.65;1;0.339652875;CYP2C9
4;1;1;0.325;1;0.1022535;CYP2C9
4;1;0;3.25;1;2.0975825;CYP2C9
4;1;0;1.3;1;1.1574275;CYP2C9
4;1;0;0.65;1;0.48033725;CYP2C9
4;1;0;0.325;1;-0.00092625;CYP2C9
4;1;0;0.13;1;0.366717;CYP2C9
5;1;1;3.25;0;1.00101175;CYP2C9
5;1;1;1.3;0;0.71370625;CYP2C9
5;1;1;0.65;0;0.62041325;CYP2C9
5;1;0;3.25;0;0.539864;CYP2C9
5;1;0;1.3;0;0.53648875;CYP2C9
5;1;0;0.65;0;0.0417465;CYP2C9
5;1;0;0.325;0;0.76129625;CYP2C9
5;1;1;3.25;1;0.571814;CYP2C9
5;1;1;1.3;1;0.65660625;CYP2C9
5;1;1;0.65;1;-0.599701875;CYP2C9
5;1;1;0.325;1;0.20036275;CYP2C9
5;1;0;3.25;1;0.94964975;CYP2C9
5;1;0;1.3;1;0.1257045;CYP2C9
5;1;0;0.65;1;0.1161645;CYP2C9
5;1;0;0.325;1;0.186279;CYP2C9
1;0;1;3.2;0;9.8443235;CYP2D6
1;0;1;0.65;0;8.180672;CYP2D6
1;0;1;0.13;0;8.610959875;CYP2D6
1;0;1;0.026;0;8.35837225;CYP2D6
1;0;0;3.2;0;9.030915625;CYP2D6
1;0;0;0.65;0;9.26689625;CYP2D6
1;0;0;0.13;0;8.4420225;CYP2D6
1;0;0;0.026;0;9.26901875;CYP2D6
1;0;0;0.0052;0;8.9842875;CYP2D6
2;0;1;3.2;0;9.799826;CYP2D6
2;0;1;0.65;0;8.97477175;CYP2D6
2;0;1;0.13;0;8.19817825;CYP2D6
2;0;0;3.2;0;10.2927305;CYP2D6
2;0;0;0.65;0;9.142332;CYP2D6
2;0;0;0.13;0;8.1194515;CYP2D6
2;0;0;0.026;0;8.450191;CYP2D6
2;0;0;0.0052;0;9.60896625;CYP2D6
1;1;1;3.25;0;10.1029905;CYP2D6
1;1;1;0.65;0;8.10499125;CYP2D6
1;1;0;3.25;0;9.43311125;CYP2D6
1;1;0;0.65;0;9.10086775;CYP2D6
1;0;1;3.2;1;9.227163;CYP2D6
1;0;1;0.65;1;9.28441975;CYP2D6
1;0;1;0.13;1;7.573426875;CYP2D6
1;0;1;0.026;1;9.51910175;CYP2D6
1;0;0;3.2;1;9.68634725;CYP2D6
1;0;0;0.65;1;9.09494625;CYP2D6
1;0;0;0.13;1;8.06787825;CYP2D6
1;0;0;0.026;1;8.10087475;CYP2D6
2;0;1;3.2;1;8.61997975;CYP2D6
2;0;1;0.65;1;8.15725275;CYP2D6
2;0;1;0.13;1;7.85668;CYP2D6
2;0;1;0.026;1;7.852114625;CYP2D6
2;0;0;3.2;1;8.32536725;CYP2D6
2;0;0;0.65;1;8.65468375;CYP2D6
2;0;0;0.13;1;7.418801;CYP2D6
2;0;0;0.026;1;7.971321;CYP2D6
2;0;0;0.0052;1;7.983672;CYP2D6
3;0;1;3.2;0;8.6440255;CYP2D6
3;0;1;0.65;0;7.946912125;CYP2D6
3;0;1;0.13;0;7.916845625;CYP2D6
3;0;1;0.026;0;10.2251735;CYP2D6
3;0;0;3.2;0;8.499223;CYP2D6
3;0;0;0.65;0;8.54331925;CYP2D6
3;0;0;0.13;0;8.07720825;CYP2D6
3;0;0;0.026;0;8.30432375;CYP2D6
3;0;0;0.0052;0;8.53947475;CYP2D6
1;1;1;3.25;1;8.9631145;CYP2D6
1;1;1;0.65;1;8.451887125;CYP2D6
1;1;1;0.13;1;8.99362575;CYP2D6
1;1;0;3.25;1;10.01461825;CYP2D6
1;1;0;0.65;1;8.90658525;CYP2D6
1;1;0;0.13;1;8.73652925;CYP2D6
3;0;1;3.2;1;8.86974475;CYP2D6
3;0;1;0.65;1;8.361959;CYP2D6
3;0;1;0.13;1;7.74709975;CYP2D6
3;0;1;0.026;1;7.38494875;CYP2D6
3;0;1;0.0052;1;7.31085775;CYP2D6
3;0;0;3.2;1;7.624521;CYP2D6
3;0;0;0.65;1;7.75460825;CYP2D6
3;0;0;0.13;1;7.33118575;CYP2D6
3;0;0;0.026;1;7.0037875;CYP2D6
3;0;0;0.0052;1;7.363698625;CYP2D6
4;0;1;3.2;0;9.05522375;CYP2D6
4;0;1;0.65;0;9.3764995;CYP2D6
4;0;1;0.13;0;7.70313425;CYP2D6
4;0;1;0.026;0;7.67916425;CYP2D6
4;0;1;0.0052;0;8.319831625;CYP2D6
4;0;0;3.2;0;9.40989625;CYP2D6
4;0;0;0.65;0;8.17965525;CYP2D6
4;0;0;0.13;0;7.6464195;CYP2D6
4;0;0;0.026;0;7.508744;CYP2D6
4;0;0;0.0052;0;8.1191435;CYP2D6
2;1;1;3.25;0;8.893393;CYP2D6
2;1;1;1.3;0;7.9443985;CYP2D6
2;1;1;0.65;0;7.219808875;CYP2D6
2;1;1;0.325;0;7.393089;CYP2D6
2;1;0;3.25;0;9.26104525;CYP2D6
2;1;0;1.3;0;8.57615575;CYP2D6
2;1;0;0.65;0;7.59434025;CYP2D6
2;1;0;0.325;0;7.5790445;CYP2D6
4;0;1;3.2;1;7.22948925;CYP2D6
4;0;1;0.65;1;7.44402925;CYP2D6
4;0;1;0.13;1;6.489752375;CYP2D6
4;0;1;0.026;1;7.38356;CYP2D6
4;0;0;3.2;1;6.78546875;CYP2D6
4;0;0;0.65;1;7.73222825;CYP2D6
4;0;0;0.13;1;6.67446675;CYP2D6
4;0;0;0.026;1;6.759696;CYP2D6
4;0;0;0.0052;1;7.78724925;CYP2D6
2;1;1;3.25;1;9.0216165;CYP2D6
2;1;1;1.3;1;8.4619625;CYP2D6
2;1;1;0.65;1;7.816302375;CYP2D6
2;1;1;0.325;1;7.1715725;CYP2D6
2;1;1;0.13;1;7.9503135;CYP2D6
2;1;0;3.25;1;8.1418485;CYP2D6
2;1;0;1.3;1;8.11360125;CYP2D6
2;1;0;0.65;1;7.68621525;CYP2D6
2;1;0;0.325;1;6.8730555;CYP2D6
2;1;0;0.13;1;8.34571325;CYP2D6
3;1;1;3.25;0;9.49019175;CYP2D6
3;1;1;1.3;0;8.59587975;CYP2D6
3;1;1;0.65;0;7.48304475;CYP2D6
3;1;1;0.325;0;8.08769425;CYP2D6
3;1;1;0.13;0;8.4958755;CYP2D6
3;1;0;3.25;0;9.11830075;CYP2D6
3;1;0;1.3;0;8.862485;CYP2D6
3;1;0;0.65;0;8.254265875;CYP2D6
3;1;0;0.325;0;7.6755805;CYP2D6
3;1;0;0.13;0;8.31439225;CYP2D6
5;0;1;3.2;0;8.39794725;CYP2D6
5;0;1;0.65;0;8.3193375;CYP2D6
5;0;1;0.13;0;6.981576;CYP2D6
5;0;1;0.026;0;7.7728925;CYP2D6
5;0;1;0.0052;0;6.7784955;CYP2D6
5;0;0;3.2;0;7.715402;CYP2D6
5;0;0;0.65;0;7.401377;CYP2D6
5;0;0;0.13;0;7.36211225;CYP2D6
5;0;0;0.026;0;7.130331;CYP2D6
5;0;0;0.0052;0;7.02390725;CYP2D6
3;1;1;3.25;1;9.282638125;CYP2D6
3;1;1;1.3;1;8.45937675;CYP2D6
3;1;1;0.65;1;8.24345925;CYP2D6
3;1;1;0.325;1;8.1622185;CYP2D6
3;1;1;0.13;1;8.189387;CYP2D6
3;1;0;3.25;1;8.401292;CYP2D6
3;1;0;1.3;1;7.602479;CYP2D6
3;1;0;0.65;1;8.3576005;CYP2D6
3;1;0;0.325;1;8.14485525;CYP2D6
3;1;0;0.13;1;8.7559545;CYP2D6
5;0;1;3.2;1;8.08582175;CYP2D6
5;0;1;0.65;1;7.99881725;CYP2D6
5;0;1;0.13;1;7.84943475;CYP2D6
5;0;1;0.026;1;7.4120525;CYP2D6
5;0;1;0.0052;1;7.568583;CYP2D6
5;0;0;3.2;1;8.69511125;CYP2D6
5;0;0;0.13;1;7.58704425;CYP2D6
5;0;0;0.026;1;7.5293205;CYP2D6
5;0;0;0.0052;1;7.570946625;CYP2D6
4;1;1;3.25;0;8.204195;CYP2D6
4;1;1;1.3;0;7.75568825;CYP2D6
4;1;1;0.65;0;7.554226;CYP2D6
4;1;1;0.325;0;7.988311;CYP2D6
4;1;0;3.25;0;8.1841485;CYP2D6
4;1;0;1.3;0;7.676169;CYP2D6
4;1;0;0.65;0;7.76512925;CYP2D6
4;1;0;0.325;0;7.706076;CYP2D6
4;1;1;3.25;1;8.08049525;CYP2D6
4;1;1;1.3;1;7.95636575;CYP2D6
4;1;1;0.65;1;7.255105875;CYP2D6
4;1;1;0.325;1;7.223515;CYP2D6
4;1;0;3.25;1;7.9036215;CYP2D6
4;1;0;1.3;1;8.821261;CYP2D6
4;1;0;0.65;1;7.03470425;CYP2D6
4;1;0;0.325;1;7.16851075;CYP2D6
4;1;0;0.13;1;7.526532;CYP2D6
5;1;1;3.25;0;7.86270675;CYP2D6
5;1;1;1.3;0;7.68357025;CYP2D6
5;1;1;0.65;0;7.61663875;CYP2D6
5;1;0;3.25;0;8.549234;CYP2D6
5;1;0;1.3;0;7.91788175;CYP2D6
5;1;0;0.65;0;8.274901;CYP2D6
5;1;0;0.325;0;7.97622375;CYP2D6
5;1;1;3.25;1;7.8619755;CYP2D6
5;1;1;1.3;1;8.25461275;CYP2D6
5;1;1;0.65;1;8.048479125;CYP2D6
5;1;1;0.325;1;7.61307275;CYP2D6
5;1;0;3.25;1;7.68083075;CYP2D6
5;1;0;1.3;1;7.227535;CYP2D6
5;1;0;0.65;1;7.1868705;CYP2D6
5;1;0;0.325;1;6.783459;CYP2D6
1;0;1;3.2;0;5.415377;CYP2E1
1;0;1;0.65;0;3.589434;CYP2E1
1;0;1;0.13;0;3.603317375;CYP2E1
1;0;1;0.026;0;13.78573575;CYP2E1
1;0;0;3.2;0;5.453574125;CYP2E1
1;0;0;0.65;0;4.60875225;CYP2E1
1;0;0;0.13;0;3.77497;CYP2E1
1;0;0;0.026;0;4.05295825;CYP2E1
1;0;0;0.0052;0;4.368504;CYP2E1
2;0;1;3.2;0;4.6879265;CYP2E1
2;0;1;0.65;0;4.15796025;CYP2E1
2;0;1;0.13;0;2.62391925;CYP2E1
2;0;0;3.2;0;5.1471135;CYP2E1
2;0;0;0.65;0;4.659365;CYP2E1
2;0;0;0.13;0;2.3615175;CYP2E1
2;0;0;0.026;0;2.1477305;CYP2E1
2;0;0;0.0052;0;3.27915975;CYP2E1
1;1;1;3.25;0;9.8892015;CYP2E1
1;1;1;0.65;0;3.45253725;CYP2E1
1;1;0;3.25;0;8.81328725;CYP2E1
1;1;0;0.65;0;3.91817825;CYP2E1
1;0;1;3.2;1;4.520444;CYP2E1
1;0;1;0.65;1;3.49719725;CYP2E1
1;0;1;0.13;1;1.477967375;CYP2E1
1;0;1;0.026;1;2.78453875;CYP2E1
1;0;0;3.2;1;5.62080425;CYP2E1
1;0;0;0.65;1;4.25514125;CYP2E1
1;0;0;0.13;1;2.56655475;CYP2E1
1;0;0;0.026;1;1.69038925;CYP2E1
2;0;1;3.2;1;3.17443275;CYP2E1
2;0;1;0.65;1;3.41373275;CYP2E1
2;0;1;0.13;1;1.493407;CYP2E1
2;0;1;0.026;1;1.527138625;CYP2E1
2;0;0;3.2;1;2.85181425;CYP2E1
2;0;0;0.65;1;3.68543825;CYP2E1
2;0;0;0.13;1;2.0494405;CYP2E1
2;0;0;0.026;1;2.600447;CYP2E1
2;0;0;0.0052;1;2.327728;CYP2E1
3;0;1;3.2;0;4.883262;CYP2E1
3;0;1;0.65;0;3.815507125;CYP2E1
3;0;1;0.13;0;3.314453125;CYP2E1
3;0;1;0.026;0;4.0215565;CYP2E1
3;0;0;3.2;0;6.374197;CYP2E1
3;0;0;0.65;0;5.84866825;CYP2E1
3;0;0;0.13;0;4.09585625;CYP2E1
3;0;0;0.026;0;3.80807525;CYP2E1
3;0;0;0.0052;0;3.75950775;CYP2E1
1;1;1;3.25;1;6.170259;CYP2E1
1;1;1;0.65;1;2.278734625;CYP2E1
1;1;1;0.13;1;1.84597075;CYP2E1
1;1;0;3.25;1;7.15002275;CYP2E1
1;1;0;0.65;1;2.88450875;CYP2E1
1;1;0;0.13;1;2.31808675;CYP2E1
3;0;1;3.2;1;3.63967475;CYP2E1
3;0;1;0.65;1;3.8406015;CYP2E1
3;0;1;0.13;1;1.69538375;CYP2E1
3;0;1;0.026;1;1.37091475;CYP2E1
3;0;1;0.0052;1;1.57094525;CYP2E1
3;0;0;3.2;1;5.071674;CYP2E1
3;0;0;0.65;1;3.12715525;CYP2E1
3;0;0;0.13;1;2.11782875;CYP2E1
3;0;0;0.026;1;1.3255625;CYP2E1
3;0;0;0.0052;1;1.444264625;CYP2E1
4;0;1;3.2;0;6.54617725;CYP2E1
4;0;1;0.65;0;4.62574;CYP2E1
4;0;1;0.13;0;2.91017625;CYP2E1
4;0;1;0.026;0;2.81223075;CYP2E1
4;0;1;0.0052;0;4.628262125;CYP2E1
4;0;0;3.2;0;8.23175825;CYP2E1
4;0;0;0.65;0;5.36344975;CYP2E1
4;0;0;0.13;0;3.5448985;CYP2E1
4;0;0;0.026;0;2.498151;CYP2E1
4;0;0;0.0052;0;4.0000895;CYP2E1
2;1;1;3.25;0;6.526951;CYP2E1
2;1;1;1.3;0;3.509168;CYP2E1
2;1;1;0.65;0;1.649229375;CYP2E1
2;1;1;0.325;0;1.481485;CYP2E1
2;1;0;3.25;0;7.70532875;CYP2E1
2;1;0;1.3;0;3.83100225;CYP2E1
2;1;0;0.65;0;2.22986375;CYP2E1
2;1;0;0.325;0;1.8838275;CYP2E1
4;0;1;3.2;1;2.12800425;CYP2E1
4;0;1;0.65;1;3.08229325;CYP2E1
4;0;1;0.13;1;1.607215375;CYP2E1
4;0;1;0.026;1;1.653178;CYP2E1
4;0;0;3.2;1;1.79266425;CYP2E1
4;0;0;0.65;1;2.91047825;CYP2E1
4;0;0;0.13;1;2.02943475;CYP2E1
4;0;0;0.026;1;1.1896255;CYP2E1
4;0;0;0.0052;1;1.90888875;CYP2E1
2;1;1;3.25;1;3.9919135;CYP2E1
2;1;1;1.3;1;2.921159;CYP2E1
2;1;1;0.65;1;2.386685375;CYP2E1
2;1;1;0.325;1;1.226975;CYP2E1
2;1;1;0.13;1;1.9527375;CYP2E1
2;1;0;3.25;1;4.214818;CYP2E1
2;1;0;1.3;1;2.34039475;CYP2E1
2;1;0;0.65;1;2.52082975;CYP2E1
2;1;0;0.325;1;1.199789;CYP2E1
2;1;0;0.13;1;1.92733025;CYP2E1
3;1;1;3.25;0;6.15598575;CYP2E1
3;1;1;1.3;0;4.05995425;CYP2E1
3;1;1;0.65;0;2.33209775;CYP2E1
3;1;1;0.325;0;2.41197375;CYP2E1
3;1;1;0.13;0;4.212801;CYP2E1
3;1;0;3.25;0;6.22778375;CYP2E1
3;1;0;1.3;0;3.6163135;CYP2E1
3;1;0;0.65;0;3.495761875;CYP2E1
3;1;0;0.325;0;2.1934855;CYP2E1
3;1;0;0.13;0;3.99528825;CYP2E1
5;0;1;3.2;0;3.13747025;CYP2E1
5;0;1;0.65;0;3.164812;CYP2E1
5;0;1;0.13;0;2.9642255;CYP2E1
5;0;1;0.026;0;2.348968;CYP2E1
5;0;1;0.0052;0;2.3447565;CYP2E1
5;0;0;3.2;0;2.57007;CYP2E1
5;0;0;0.65;0;2.5712515;CYP2E1
5;0;0;0.13;0;3.40473225;CYP2E1
5;0;0;0.026;0;1.496774;CYP2E1
5;0;0;0.0052;0;1.90337075;CYP2E1
3;1;1;3.25;1;3.989296125;CYP2E1
3;1;1;1.3;1;2.94572875;CYP2E1
3;1;1;0.65;1;2.87489725;CYP2E1
3;1;1;0.325;1;2.4483555;CYP2E1
3;1;1;0.13;1;2.697372;CYP2E1
3;1;0;3.25;1;3.7271035;CYP2E1
3;1;0;1.3;1;1.8923715;CYP2E1
3;1;0;0.65;1;2.8547005;CYP2E1
3;1;0;0.325;1;1.30917625;CYP2E1
3;1;0;0.13;1;2.422872;CYP2E1
5;0;1;3.2;1;3.16021475;CYP2E1
5;0;1;0.65;1;3.42688725;CYP2E1
5;0;1;0.13;1;3.72717475;CYP2E1
5;0;1;0.026;1;2.100707;CYP2E1
5;0;1;0.0052;1;2.0115545;CYP2E1
5;0;0;3.2;1;4.35390375;CYP2E1
5;0;0;0.13;1;3.49959225;CYP2E1
5;0;0;0.026;1;2.327278;CYP2E1
5;0;0;0.0052;1;2.217458125;CYP2E1
4;1;1;3.25;0;5.2728095;CYP2E1
4;1;1;1.3;0;3.24916425;CYP2E1
4;1;1;0.65;0;3.111089;CYP2E1
4;1;1;0.325;0;3.5207705;CYP2E1
4;1;0;3.25;0;6.137159;CYP2E1
4;1;0;1.3;0;3.535066;CYP2E1
4;1;0;0.65;0;3.65960825;CYP2E1
4;1;0;0.325;0;3.2348985;CYP2E1
4;1;1;3.25;1;4.24484575;CYP2E1
4;1;1;1.3;1;3.63344125;CYP2E1
4;1;1;0.65;1;2.082762875;CYP2E1
4;1;1;0.325;1;2.205523;CYP2E1
4;1;0;3.25;1;4.7668135;CYP2E1
4;1;0;1.3;1;3.166917;CYP2E1
4;1;0;0.65;1;2.41284825;CYP2E1
4;1;0;0.325;1;2.10188225;CYP2E1
4;1;0;0.13;1;1.546438;CYP2E1
5;1;1;3.25;0;3.22809775;CYP2E1
5;1;1;1.3;0;2.85573425;CYP2E1
5;1;1;0.65;0;2.47689825;CYP2E1
5;1;0;3.25;0;3.9233705;CYP2E1
5;1;0;1.3;0;2.75018175;CYP2E1
5;1;0;0.65;0;2.879456;CYP2E1
5;1;0;0.325;0;3.33435525;CYP2E1
5;1;1;3.25;1;2.553954;CYP2E1
5;1;1;1.3;1;3.04720325;CYP2E1
5;1;1;0.65;1;2.273473125;CYP2E1
5;1;1;0.325;1;2.99055575;CYP2E1
5;1;0;3.25;1;3.34377675;CYP2E1
5;1;0;1.3;1;1.941151;CYP2E1
5;1;0;0.65;1;2.1989255;CYP2E1
5;1;0;0.325;1;2.7265445;CYP2E1
1;0;1;3.2;0;-0.197524;CYP3A4
1;0;1;0.65;0;-0.6353085;CYP3A4
1;0;1;0.13;0;-0.932894625;CYP3A4
1;0;1;0.026;0;16.92904675;CYP3A4
1;0;0;3.2;0;-0.450037875;CYP3A4
1;0;0;0.65;0;0.38683225;CYP3A4
1;0;0;0.13;0;-1.048773;CYP3A4
1;0;0;0.026;0;-0.75616675;CYP3A4
1;0;0;0.0052;0;0.0900695;CYP3A4
2;0;1;3.2;0;-0.2411075;CYP3A4
2;0;1;0.65;0;-0.47637425;CYP3A4
2;0;1;0.13;0;-1.45116175;CYP3A4
2;0;0;3.2;0;0.2000875;CYP3A4
2;0;0;0.65;0;0.2711995;CYP3A4
2;0;0;0.13;0;-1.2963775;CYP3A4
2;0;0;0.026;0;-1.405503;CYP3A4
2;0;0;0.0052;0;-0.22794125;CYP3A4
1;1;1;3.25;0;2.4622725;CYP3A4
1;1;1;0.65;0;-1.13487825;CYP3A4
1;1;0;3.25;0;1.81412375;CYP3A4
1;1;0;0.65;0;-0.69273825;CYP3A4
1;0;1;3.2;1;0.6606265;CYP3A4
1;0;1;0.65;1;-0.31819525;CYP3A4
1;0;1;0.13;1;-2.453972625;CYP3A4
1;0;1;0.026;1;-0.71793175;CYP3A4
1;0;0;3.2;1;1.20216375;CYP3A4
1;0;0;0.65;1;0.18677525;CYP3A4
1;0;0;0.13;1;-1.96024225;CYP3A4
1;0;0;0.026;1;-1.92242875;CYP3A4
2;0;1;3.2;1;-1.06558075;CYP3A4
2;0;1;0.65;1;-0.66514975;CYP3A4
2;0;1;0.13;1;-2.1076415;CYP3A4
2;0;1;0.026;1;-1.938894875;CYP3A4
2;0;0;3.2;1;-1.67085175;CYP3A4
2;0;0;0.65;1;-0.85686175;CYP3A4
2;0;0;0.13;1;-1.700339;CYP3A4
2;0;0;0.026;1;-0.489914;CYP3A4
2;0;0;0.0052;1;-0.600426;CYP3A4
3;0;1;3.2;0;-1.161469;CYP3A4
3;0;1;0.65;0;-1.670423375;CYP3A4
3;0;1;0.13;0;-1.857511875;CYP3A4
3;0;1;0.026;0;0.435458;CYP3A4
3;0;0;3.2;0;-0.9587665;CYP3A4
3;0;0;0.65;0;-0.87963475;CYP3A4
3;0;0;0.13;0;-1.58556375;CYP3A4
3;0;0;0.026;0;-1.24629825;CYP3A4
3;0;0;0.0052;0;-1.44720075;CYP3A4
1;1;1;3.25;1;1.044598;CYP3A4
1;1;1;0.65;1;-0.592580875;CYP3A4
1;1;1;0.13;1;-0.59268125;CYP3A4
1;1;0;3.25;1;1.24411425;CYP3A4
1;1;0;0.65;1;-0.54022975;CYP3A4
1;1;0;0.13;1;-0.34070775;CYP3A4
3;0;1;3.2;1;0.24686025;CYP3A4
3;0;1;0.65;1;0.2752205;CYP3A4
3;0;1;0.13;1;-1.48952925;CYP3A4
3;0;1;0.026;1;-1.68572425;CYP3A4
3;0;1;0.0052;1;-1.24191775;CYP3A4
3;0;0;3.2;1;1.050945;CYP3A4
3;0;0;0.65;1;-0.16500625;CYP3A4
3;0;0;0.13;1;-1.27027775;CYP3A4
3;0;0;0.026;1;-1.8070295;CYP3A4
3;0;0;0.0052;1;-1.544856875;CYP3A4
4;0;1;3.2;0;0.48186125;CYP3A4
4;0;1;0.65;0;-0.056776;CYP3A4
4;0;1;0.13;0;-1.55670875;CYP3A4
4;0;1;0.026;0;-1.55551175;CYP3A4
4;0;1;0.0052;0;-0.128961875;CYP3A4
4;0;0;3.2;0;1.55897825;CYP3A4
4;0;0;0.65;0;-0.28654225;CYP3A4
4;0;0;0.13;0;-1.347749;CYP3A4
4;0;0;0.026;0;-1.482002;CYP3A4
4;0;0;0.0052;0;-0.6524735;CYP3A4
2;1;1;3.25;0;0.5450365;CYP3A4
2;1;1;1.3;0;-1.160312;CYP3A4
2;1;1;0.65;0;-1.988577125;CYP3A4
2;1;1;0.325;0;-1.6550945;CYP3A4
2;1;0;3.25;0;1.27124075;CYP3A4
2;1;0;1.3;0;-0.70937375;CYP3A4
2;1;0;0.65;0;-1.21388525;CYP3A4
2;1;0;0.325;0;-1.2474985;CYP3A4
4;0;1;3.2;1;-1.77885425;CYP3A4
4;0;1;0.65;1;-0.88310475;CYP3A4
4;0;1;0.13;1;-1.953374625;CYP3A4
4;0;1;0.026;1;-1.530392;CYP3A4
4;0;0;3.2;1;-1.76989875;CYP3A4
4;0;0;0.65;1;-0.82551025;CYP3A4
4;0;0;0.13;1;-1.47010425;CYP3A4
4;0;0;0.026;1;-1.770421;CYP3A4
4;0;0;0.0052;1;-1.17632225;CYP3A4
2;1;1;3.25;1;-0.9149465;CYP3A4
2;1;1;1.3;1;-0.931545;CYP3A4
2;1;1;0.65;1;-0.852849125;CYP3A4
2;1;1;0.325;1;-1.9827965;CYP3A4
2;1;1;0.13;1;-1.1580535;CYP3A4
2;1;0;3.25;1;-1.47330675;CYP3A4
2;1;0;1.3;1;-0.61058375;CYP3A4
2;1;0;0.65;1;-0.75368825;CYP3A4
2;1;0;0.325;1;-2.013364;CYP3A4
2;1;0;0.13;1;-0.89472625;CYP3A4
3;1;1;3.25;0;0.58142275;CYP3A4
3;1;1;1.3;0;-0.31553825;CYP3A4
3;1;1;0.65;0;-1.35944875;CYP3A4
3;1;1;0.325;0;-0.76618675;CYP3A4
3;1;1;0.13;0;0.578976;CYP3A4
3;1;0;3.25;0;0.10614525;CYP3A4
3;1;0;1.3;0;-0.925049;CYP3A4
3;1;0;0.65;0;-1.059332625;CYP3A4
3;1;0;0.325;0;-0.8510275;CYP3A4
3;1;0;0.13;0;0.47460725;CYP3A4
5;0;1;3.2;0;-1.54138175;CYP3A4
5;0;1;0.65;0;-0.8508655;CYP3A4
5;0;1;0.13;0;-0.8924495;CYP3A4
5;0;1;0.026;0;-1.227876;CYP3A4
5;0;1;0.0052;0;-0.984601;CYP3A4
5;0;0;3.2;0;-1.717153;CYP3A4
5;0;0;0.65;0;-1.651638;CYP3A4
5;0;0;0.13;0;-1.00580325;CYP3A4
5;0;0;0.026;0;-1.6146215;CYP3A4
5;0;0;0.0052;0;-1.44760125;CYP3A4
3;1;1;3.25;1;-2.293521375;CYP3A4
3;1;1;1.3;1;-1.107541;CYP3A4
3;1;1;0.65;1;-1.42890875;CYP3A4
3;1;1;0.325;1;-0.693247;CYP3A4
3;1;1;0.13;1;-0.3379925;CYP3A4
3;1;0;3.25;1;-1.6529085;CYP3A4
3;1;0;1.3;1;-2.19356275;CYP3A4
3;1;0;0.65;1;-1.182165;CYP3A4
3;1;0;0.325;1;-1.60245025;CYP3A4
3;1;0;0.13;1;-0.3960735;CYP3A4
5;0;1;3.2;1;-0.12267875;CYP3A4
5;0;1;0.65;1;-0.30945075;CYP3A4
5;0;1;0.13;1;0.36452125;CYP3A4
5;0;1;0.026;1;-1.4741305;CYP3A4
5;0;1;0.0052;1;-1.815745;CYP3A4
5;0;0;3.2;1;0.65157925;CYP3A4
5;0;0;0.13;1;-0.02596925;CYP3A4
5;0;0;0.026;1;-1.459981;CYP3A4
5;0;0;0.0052;1;-1.891853375;CYP3A4
4;1;1;3.25;0;-0.357912;CYP3A4
4;1;1;1.3;0;-0.96631175;CYP3A4
4;1;1;0.65;0;-0.656084;CYP3A4
4;1;1;0.325;0;-2.126133;CYP3A4
4;1;0;3.25;0;0.200423;CYP3A4
4;1;0;1.3;0;-1.333558;CYP3A4
4;1;0;0.65;0;-1.34029925;CYP3A4
4;1;0;0.325;0;-1.3621765;CYP3A4
4;1;1;3.25;1;-0.74889075;CYP3A4
4;1;1;1.3;1;-0.11748475;CYP3A4
4;1;1;0.65;1;-1.770518375;CYP3A4
4;1;1;0.325;1;-1.80222;CYP3A4
4;1;0;3.25;1;-0.8385155;CYP3A4
4;1;0;1.3;1;-0.7705365;CYP3A4
4;1;0;0.65;1;-1.23389075;CYP3A4
4;1;0;0.325;1;-1.30809625;CYP3A4
4;1;0;0.13;1;-1.294167;CYP3A4
5;1;1;3.25;0;-1.51790825;CYP3A4
5;1;1;1.3;0;-0.80759775;CYP3A4
5;1;1;0.65;0;-0.98405725;CYP3A4
5;1;0;3.25;0;-1.547878;CYP3A4
5;1;0;1.3;0;-0.65774475;CYP3A4
5;1;0;0.65;0;-0.827431;CYP3A4
5;1;0;0.325;0;-0.57182425;CYP3A4
5;1;1;3.25;1;-1.1529115;CYP3A4
5;1;1;1.3;1;-0.06634775;CYP3A4
5;1;1;0.65;1;-1.086810875;CYP3A4
5;1;1;0.325;1;-0.50089175;CYP3A4
5;1;0;3.25;1;-0.66994625;CYP3A4
5;1;0;1.3;1;-1.336412;CYP3A4
5;1;0;0.65;1;-1.0157365;CYP3A4
5;1;0;0.325;1;-1.2566585;CYP3A4
1;0;1;3.2;0;3.3521065;CYP3A5
1;0;1;0.65;0;3.4932035;CYP3A5
1;0;1;0.13;0;2.311607875;CYP3A5
1;0;0;3.2;0;2.887521125;CYP3A5
1;0;0;0.65;0;2.99252675;CYP3A5
1;0;0;0.13;0;2.2892305;CYP3A5
1;0;0;0.026;0;3.23128975;CYP3A5
1;0;0;0.0052;0;3.061268;CYP3A5
2;0;1;3.2;0;2.703081;CYP3A5
2;0;1;0.65;0;1.71505575;CYP3A5
2;0;1;0.13;0;0.93561675;CYP3A5
2;0;0;3.2;0;3.140703;CYP3A5
2;0;0;0.65;0;1.8777115;CYP3A5
2;0;0;0.13;0;0.8491085;CYP3A5
2;0;0;0.026;0;0.994246;CYP3A5
2;0;0;0.0052;0;2.87123025;CYP3A5
1;1;1;3.25;0;3.6347235;CYP3A5
1;1;1;0.65;0;0.71690875;CYP3A5
1;1;0;3.25;0;3.56666025;CYP3A5
1;1;0;0.65;0;1.42801025;CYP3A5
1;0;1;3.2;1;2.057393;CYP3A5
1;0;1;0.65;1;2.57395475;CYP3A5
1;0;1;0.13;1;0.099847875;CYP3A5
1;0;1;0.026;1;1.72636775;CYP3A5
1;0;0;3.2;1;2.43159975;CYP3A5
1;0;0;0.65;1;1.90047775;CYP3A5
1;0;0;0.13;1;0.78071375;CYP3A5
1;0;0;0.026;1;1.11702175;CYP3A5
2;0;1;3.2;1;1.56053975;CYP3A5
2;0;1;0.65;1;1.14623725;CYP3A5
2;0;1;0.13;1;0.5964845;CYP3A5
2;0;1;0.026;1;0.589616625;CYP3A5
2;0;0;3.2;1;1.06659425;CYP3A5
2;0;0;0.65;1;1.32361275;CYP3A5
2;0;0;0.13;1;0.337893;CYP3A5
2;0;0;0.026;1;0.661814;CYP3A5
2;0;0;0.0052;1;0.600914;CYP3A5
3;0;1;3.2;0;2.2886585;CYP3A5
3;0;1;0.65;0;1.382795125;CYP3A5
3;0;1;0.13;0;1.689597125;CYP3A5
3;0;1;0.026;0;1.9585195;CYP3A5
3;0;0;3.2;0;2.464894;CYP3A5
3;0;0;0.65;0;1.96994975;CYP3A5
3;0;0;0.13;0;1.73750525;CYP3A5
3;0;0;0.026;0;2.15884525;CYP3A5
3;0;0;0.0052;0;2.32051175;CYP3A5
1;1;1;3.25;1;3.312189;CYP3A5
1;1;1;0.65;1;1.718800625;CYP3A5
1;1;1;0.13;1;2.20429175;CYP3A5
1;1;0;3.25;1;3.01411475;CYP3A5
1;1;0;0.65;1;1.64041575;CYP3A5
1;1;0;0.13;1;2.36957825;CYP3A5
3;0;1;3.2;1;1.67502475;CYP3A5
3;0;1;0.65;1;1.3019195;CYP3A5
3;0;1;0.13;1;0.76973175;CYP3A5
3;0;1;0.026;1;0.55441725;CYP3A5
3;0;1;0.0052;1;1.33372025;CYP3A5
3;0;0;3.2;1;1.421737;CYP3A5
3;0;0;0.65;1;0.89857225;CYP3A5
3;0;0;0.13;1;0.37355025;CYP3A5
3;0;0;0.026;1;0.0971315;CYP3A5
3;0;0;0.0052;1;0.315627125;CYP3A5
4;0;1;3.2;0;2.72891125;CYP3A5
4;0;1;0.65;0;2.8831425;CYP3A5
4;0;1;0.13;0;0.68800625;CYP3A5
4;0;1;0.026;0;0.63410075;CYP3A5
4;0;1;0.0052;0;2.376135625;CYP3A5
4;0;0;3.2;0;3.14718675;CYP3A5
4;0;0;0.65;0;1.73703475;CYP3A5
4;0;0;0.13;0;1.2434035;CYP3A5
4;0;0;0.026;0;0.899199;CYP3A5
4;0;0;0.0052;0;2.048356;CYP3A5
2;1;1;3.25;0;2.0213495;CYP3A5
2;1;1;1.3;0;0.5749805;CYP3A5
2;1;1;0.65;0;0.264075375;CYP3A5
2;1;1;0.325;0;0.2468175;CYP3A5
2;1;0;3.25;0;2.47801425;CYP3A5
2;1;0;1.3;0;0.86419475;CYP3A5
2;1;0;0.65;0;0.54520375;CYP3A5
2;1;0;0.325;0;0.7020565;CYP3A5
4;0;1;3.2;1;0.76132275;CYP3A5
4;0;1;0.65;1;0.89882925;CYP3A5
4;0;1;0.13;1;0.000722375;CYP3A5
4;0;1;0.026;1;0.588132;CYP3A5
4;0;0;3.2;1;0.22974475;CYP3A5
4;0;0;0.65;1;1.06379275;CYP3A5
4;0;0;0.13;1;0.41600475;CYP3A5
4;0;0;0.026;1;0.281338;CYP3A5
4;0;0;0.0052;1;1.58650725;CYP3A5
2;1;1;3.25;1;1.4770445;CYP3A5
2;1;1;1.3;1;1.136577;CYP3A5
2;1;1;0.65;1;0.400648875;CYP3A5
2;1;1;0.325;1;0.2629945;CYP3A5
2;1;1;0.13;1;1.2243525;CYP3A5
2;1;0;3.25;1;0.5741775;CYP3A5
2;1;0;1.3;1;0.75338375;CYP3A5
2;1;0;0.65;1;0.39844675;CYP3A5
2;1;0;0.325;1;0.040801;CYP3A5
2;1;0;0.13;1;1.26568775;CYP3A5
3;1;1;3.25;0;2.10056975;CYP3A5
3;1;1;1.3;0;1.34449225;CYP3A5
3;1;1;0.65;0;0.68111125;CYP3A5
3;1;1;0.325;0;1.40487075;CYP3A5
3;1;1;0.13;0;2.3696325;CYP3A5
3;1;0;3.25;0;2.24478125;CYP3A5
3;1;0;1.3;0;1.5205245;CYP3A5
3;1;0;0.65;0;1.071816875;CYP3A5
3;1;0;0.325;0;1.026339;CYP3A5
3;1;0;0.13;0;1.96005975;CYP3A5
5;0;1;3.2;0;2.02442675;CYP3A5
5;0;1;0.65;0;1.959012;CYP3A5
5;0;1;0.13;0;0.409699;CYP3A5
5;0;1;0.026;0;1.6599875;CYP3A5
5;0;1;0.0052;0;0.8269465;CYP3A5
5;0;0;3.2;0;1.0944535;CYP3A5
5;0;0;0.65;0;0.8049555;CYP3A5
5;0;0;0.13;0;0.81258775;CYP3A5
5;0;0;0.026;0;0.341167;CYP3A5
5;0;0;0.0052;0;0.57794175;CYP3A5
3;1;1;3.25;1;0.694042625;CYP3A5
3;1;1;1.3;1;1.80971875;CYP3A5
3;1;1;0.65;1;1.47339025;CYP3A5
3;1;1;0.325;1;1.1258435;CYP3A5
3;1;1;0.13;1;1.748076;CYP3A5
3;1;0;3.25;1;1.070862;CYP3A5
3;1;0;1.3;1;0.3502335;CYP3A5
3;1;0;0.65;1;1.021117;CYP3A5
3;1;0;0.325;1;1.21235675;CYP3A5
3;1;0;0.13;1;1.8970695;CYP3A5
5;0;1;3.2;1;1.63350625;CYP3A5
5;0;1;0.65;1;1.25732375;CYP3A5
5;0;1;0.13;1;1.27044925;CYP3A5
5;0;1;0.026;1;0.659553;CYP3A5
5;0;1;0.0052;1;1.031459;CYP3A5
5;0;0;3.2;1;1.87562175;CYP3A5
5;0;0;0.13;1;0.77506125;CYP3A5
5;0;0;0.026;1;0.525774;CYP3A5
5;0;0;0.0052;1;1.171513125;CYP3A5
4;1;1;3.25;0;1.340518;CYP3A5
4;1;1;1.3;0;1.02634775;CYP3A5
4;1;1;0.65;0;0.912449;CYP3A5
4;1;1;0.325;0;1.5425755;CYP3A5
4;1;0;3.25;0;1.592604;CYP3A5
4;1;0;1.3;0;0.5295645;CYP3A5
4;1;0;0.65;0;0.94310225;CYP3A5
4;1;0;0.325;0;1.157254;CYP3A5
4;1;1;3.25;1;1.48690375;CYP3A5
4;1;1;1.3;1;1.50968375;CYP3A5
4;1;1;0.65;1;1.016291875;CYP3A5
4;1;1;0.325;1;1.25364;CYP3A5
4;1;0;3.25;1;1.4370745;CYP3A5
4;1;0;1.3;1;2.263564;CYP3A5
4;1;0;0.65;1;0.76592175;CYP3A5
4;1;0;0.325;1;0.88716325;CYP3A5
4;1;0;0.13;1;1.0955645;CYP3A5
5;1;1;3.25;0;0.97838525;CYP3A5
5;1;1;1.3;0;0.93188375;CYP3A5
5;1;1;0.65;0;1.01246975;CYP3A5
5;1;0;3.25;0;1.089693;CYP3A5
5;1;0;1.3;0;1.25069575;CYP3A5
5;1;0;0.65;0;1.006058;CYP3A5
5;1;0;0.325;0;1.47921175;CYP3A5
5;1;1;3.25;1;1.1924465;CYP3A5
5;1;1;1.3;1;1.46494475;CYP3A5
5;1;1;0.65;1;0.791728125;CYP3A5
5;1;1;0.325;1;1.47682775;CYP3A5
5;1;0;3.25;1;1.31748875;CYP3A5
5;1;0;1.3;1;0.571543;CYP3A5
5;1;0;0.65;1;0.6935005;CYP3A5
5;1;0;0.325;1;1.191911;CYP3A5
1;0;1;3.2;0;4.9567155;CYP8B1
1;0;1;0.65;0;4.2926115;CYP8B1
1;0;1;0.13;0;4.508959375;CYP8B1
1;0;1;0.026;0;19.35076925;CYP8B1
1;0;0;3.2;0;5.050215125;CYP8B1
1;0;0;0.65;0;4.89784725;CYP8B1
1;0;0;0.13;0;4.461386;CYP8B1
1;0;0;0.026;0;5.04808275;CYP8B1
1;0;0;0.0052;0;5.3315585;CYP8B1
2;0;1;3.2;0;5.055866;CYP8B1
2;0;1;0.65;0;4.48647925;CYP8B1
2;0;1;0.13;0;4.57816525;CYP8B1
2;0;0;3.2;0;5.2529465;CYP8B1
2;0;0;0.65;0;4.5491095;CYP8B1
2;0;0;0.13;0;4.0507665;CYP8B1
2;0;0;0.026;0;4.4165415;CYP8B1
2;0;0;0.0052;0;5.30665475;CYP8B1
1;1;1;3.25;0;6.2696875;CYP8B1
1;1;1;0.65;0;3.08174675;CYP8B1
1;1;0;3.25;0;6.15018475;CYP8B1
1;1;0;0.65;0;3.56050525;CYP8B1
1;0;1;3.2;1;3.7574025;CYP8B1
1;0;1;0.65;1;3.14814175;CYP8B1
1;0;1;0.13;1;2.155877875;CYP8B1
1;0;1;0.026;1;4.06082475;CYP8B1
1;0;0;3.2;1;3.72997775;CYP8B1
1;0;0;0.65;1;3.14184725;CYP8B1
1;0;0;0.13;1;2.60374425;CYP8B1
1;0;0;0.026;1;2.95500725;CYP8B1
2;0;1;3.2;1;3.01352875;CYP8B1
2;0;1;0.65;1;3.17640575;CYP8B1
2;0;1;0.13;1;2.661928;CYP8B1
2;0;1;0.026;1;2.868108625;CYP8B1
2;0;0;3.2;1;2.66146025;CYP8B1
2;0;0;0.65;1;3.13616025;CYP8B1
2;0;0;0.13;1;2.5485825;CYP8B1
2;0;0;0.026;1;3.266301;CYP8B1
2;0;0;0.0052;1;3.451539;CYP8B1
3;0;1;3.2;0;3.9016535;CYP8B1
3;0;1;0.65;0;3.310659625;CYP8B1
3;0;1;0.13;0;4.093500625;CYP8B1
3;0;1;0.026;0;4.391187;CYP8B1
3;0;0;3.2;0;4.952642;CYP8B1
3;0;0;0.65;0;4.48003275;CYP8B1
3;0;0;0.13;0;4.25680575;CYP8B1
3;0;0;0.026;0;4.71233775;CYP8B1
3;0;0;0.0052;0;4.92029725;CYP8B1
1;1;1;3.25;1;4.4698345;CYP8B1
1;1;1;0.65;1;2.722332125;CYP8B1
1;1;1;0.13;1;3.12746325;CYP8B1
1;1;0;3.25;1;5.11314825;CYP8B1
1;1;0;0.65;1;2.74443275;CYP8B1
1;1;0;0.13;1;3.69357875;CYP8B1
3;0;1;3.2;1;3.55094825;CYP8B1
3;0;1;0.65;1;3.5335615;CYP8B1
3;0;1;0.13;1;2.60404025;CYP8B1
3;0;1;0.026;1;2.02672125;CYP8B1
3;0;1;0.0052;1;2.34003275;CYP8B1
3;0;0;3.2;1;3.940804;CYP8B1
3;0;0;0.65;1;3.07451325;CYP8B1
3;0;0;0.13;1;2.59308825;CYP8B1
3;0;0;0.026;1;1.8168275;CYP8B1
3;0;0;0.0052;1;2.065970125;CYP8B1
4;0;1;3.2;0;5.33244325;CYP8B1
4;0;1;0.65;0;3.7335555;CYP8B1
4;0;1;0.13;0;3.55610875;CYP8B1
4;0;1;0.026;0;3.17284075;CYP8B1
4;0;1;0.0052;0;5.279237625;CYP8B1
4;0;0;3.2;0;5.74253375;CYP8B1
4;0;0;0.65;0;3.98020375;CYP8B1
4;0;0;0.13;0;3.363438;CYP8B1
4;0;0;0.026;0;3.3292545;CYP8B1
4;0;0;0.0052;0;4.5221575;CYP8B1
2;1;1;3.25;0;5.320789;CYP8B1
2;1;1;1.3;0;3.375373;CYP8B1
2;1;1;0.65;0;2.474113375;CYP8B1
2;1;1;0.325;0;2.817976;CYP8B1
2;1;0;3.25;0;6.07101975;CYP8B1
2;1;0;1.3;0;3.41014225;CYP8B1
2;1;0;0.65;0;2.71677475;CYP8B1
2;1;0;0.325;0;2.942756;CYP8B1
4;0;1;3.2;1;3.14632325;CYP8B1
4;0;1;0.65;1;3.08008575;CYP8B1
4;0;1;0.13;1;2.406803875;CYP8B1
4;0;1;0.026;1;2.5915335;CYP8B1
4;0;0;3.2;1;2.34766925;CYP8B1
4;0;0;0.65;1;3.09393625;CYP8B1
4;0;0;0.13;1;2.51573575;CYP8B1
4;0;0;0.026;1;2.8380155;CYP8B1
4;0;0;0.0052;1;3.27412775;CYP8B1
2;1;1;3.25;1;3.7543595;CYP8B1
2;1;1;1.3;1;3.0107315;CYP8B1
2;1;1;0.65;1;3.002547875;CYP8B1
2;1;1;0.325;1;1.996892;CYP8B1
2;1;1;0.13;1;3.2491635;CYP8B1
2;1;0;3.25;1;3.5894535;CYP8B1
2;1;0;1.3;1;2.56629125;CYP8B1
2;1;0;0.65;1;2.70939225;CYP8B1
2;1;0;0.325;1;1.959904;CYP8B1
2;1;0;0.13;1;3.39898675;CYP8B1
3;1;1;3.25;0;5.29500775;CYP8B1
3;1;1;1.3;0;3.67341725;CYP8B1
3;1;1;0.65;0;3.52681775;CYP8B1
3;1;1;0.325;0;3.41433225;CYP8B1
3;1;1;0.13;0;5.5850085;CYP8B1
3;1;0;3.25;0;4.77225725;CYP8B1
3;1;0;1.3;0;3.7086605;CYP8B1
3;1;0;0.65;0;3.094393375;CYP8B1
3;1;0;0.325;0;3.3853465;CYP8B1
3;1;0;0.13;0;5.16618275;CYP8B1
5;0;1;3.2;0;3.37083625;CYP8B1
5;0;1;0.65;0;3.313366;CYP8B1
5;0;1;0.13;0;2.9785305;CYP8B1
5;0;1;0.026;0;2.7422805;CYP8B1
5;0;1;0.0052;0;3.3099245;CYP8B1
5;0;0;3.2;0;2.6292615;CYP8B1
5;0;0;0.65;0;2.7833185;CYP8B1
5;0;0;0.13;0;3.06140725;CYP8B1
5;0;0;0.026;0;2.653781;CYP8B1
5;0;0;0.0052;0;2.69618875;CYP8B1
3;1;1;3.25;1;2.594162625;CYP8B1
3;1;1;1.3;1;3.08125375;CYP8B1
3;1;1;0.65;1;3.38784225;CYP8B1
3;1;1;0.325;1;3.3435295;CYP8B1
3;1;1;0.13;1;3.9909395;CYP8B1
3;1;0;3.25;1;2.9986725;CYP8B1
3;1;0;1.3;1;2.495712;CYP8B1
3;1;0;0.65;1;2.95386;CYP8B1
3;1;0;0.325;1;2.34338025;CYP8B1
3;1;0;0.13;1;3.8388015;CYP8B1
5;0;1;3.2;1;3.40577575;CYP8B1
5;0;1;0.65;1;3.28204175;CYP8B1
5;0;1;0.13;1;3.20589075;CYP8B1
5;0;1;0.026;1;2.4945085;CYP8B1
5;0;1;0.0052;1;2.8964575;CYP8B1
5;0;0;3.2;1;3.76691925;CYP8B1
5;0;0;0.13;1;2.96352525;CYP8B1
5;0;0;0.026;1;2.598283;CYP8B1
5;0;0;0.0052;1;2.864816125;CYP8B1
4;1;1;3.25;0;4.1825495;CYP8B1
4;1;1;1.3;0;3.35312625;CYP8B1
4;1;1;0.65;0;3.6347005;CYP8B1
4;1;1;0.325;0;3.7305785;CYP8B1
4;1;0;3.25;0;4.8015315;CYP8B1
4;1;0;1.3;0;2.906132;CYP8B1
4;1;0;0.65;0;3.40745375;CYP8B1
4;1;0;0.325;0;4.054528;CYP8B1
4;1;1;3.25;1;3.73707625;CYP8B1
4;1;1;1.3;1;3.56340125;CYP8B1
4;1;1;0.65;1;2.635943875;CYP8B1
4;1;1;0.325;1;2.5912995;CYP8B1
4;1;0;3.25;1;3.5109515;CYP8B1
4;1;0;1.3;1;2.950192;CYP8B1
4;1;0;0.65;1;2.99103475;CYP8B1
4;1;0;0.325;1;2.57948875;CYP8B1
4;1;0;0.13;1;2.8892445;CYP8B1
5;1;1;3.25;0;3.33058675;CYP8B1
5;1;1;1.3;0;3.23078775;CYP8B1
5;1;1;0.65;0;3.39766675;CYP8B1
5;1;0;3.25;0;3.113875;CYP8B1
5;1;0;1.3;0;3.07534375;CYP8B1
5;1;0;0.65;0;2.8950475;CYP8B1
5;1;0;0.325;0;3.85538875;CYP8B1
5;1;1;3.25;1;2.754477;CYP8B1
5;1;1;1.3;1;2.92004825;CYP8B1
5;1;1;0.65;1;2.385498625;CYP8B1
5;1;1;0.325;1;3.31127775;CYP8B1
5;1;0;3.25;1;3.10787175;CYP8B1
5;1;0;1.3;1;2.2574705;CYP8B1
5;1;0;0.65;1;2.5649125;CYP8B1
5;1;0;0.325;1;2.5761865;CYP8B1
